X,Y,Z
5051.59,88.1919,3921.02
5056.18,88.3266,3924.60
5061.23,88.5195,3928.55
5066.77,88.7854,3932.89
5072.88,89.1429,3937.65
5079.23,89.5869,3942.61
5085.60,90.1060,3947.59
5091.99,90.7009,3952.58
5098.41,91.3721,3957.58
5104.86,92.1199,3962.59
5111.32,92.9450,3967.62
5117.81,93.8478,3972.65
5124.33,94.8287,3977.69
5130.87,95.8883,3982.75
5137.43,97.0268,3987.80
5144.01,98.2448,3992.86
5150.63,99.5427,3997.93
5157.26,100.921,4003.00
5163.92,102.380,4008.07
5170.60,103.919,4013.15
5177.31,105.541,4018.22
5184.05,107.243,4023.29
5190.81,109.028,4028.36
5197.59,110.895,4033.43
5204.40,112.845,4038.49
5211.23,114.878,4043.54
5218.09,116.993,4048.59
5224.98,119.192,4053.63
5231.89,121.475,4058.66
5238.83,123.842,4063.68
5245.79,126.292,4068.68
5252.78,128.827,4073.68
5259.79,131.446,4078.66
5266.83,134.149,4083.62
5273.90,136.937,4088.57
5280.99,139.810,4093.50
5288.11,142.768,4098.41
5295.25,145.810,4103.30
5302.42,148.938,4108.16
5309.62,152.150,4113.01
5316.85,155.448,4117.83
5324.10,158.830,4122.62
5331.37,162.298,4127.39
5338.68,165.850,4132.12
5346.01,169.487,4136.83
5353.37,173.209,4141.51
5360.75,177.016,4146.16
5368.16,180.908,4150.77
5375.60,184.884,4155.35
5383.07,188.944,4159.89
5390.56,193.089,4164.39
5398.09,197.317,4168.86
5405.63,201.630,4173.28
5413.21,206.026,4177.67
5420.81,210.505,4182.01
5428.44,215.067,4186.31
5436.10,219.712,4190.56
5443.79,224.440,4194.77
5451.50,229.250,4198.92
5459.24,234.142,4203.03
5467.01,239.115,4207.09
5474.81,244.169,4211.10
5482.63,249.305,4215.05
5490.48,254.520,4218.95
5498.36,259.815,4222.80
5506.27,265.190,4226.58
5514.20,270.644,4230.31
5522.17,276.176,4233.98
5530.16,281.786,4237.59
5538.18,287.473,4241.14
5546.23,293.238,4244.62
5554.30,299.078,4248.04
5562.41,304.995,4251.39
5570.54,310.986,4254.68
5578.70,317.052,4257.90
5586.88,323.192,4261.05
5595.10,329.405,4264.13
5603.34,335.690,4267.13
5611.62,342.047,4270.07
5619.92,348.476,4272.92
5628.24,354.974,4275.71
5636.60,361.542,4278.41
5644.99,368.180,4281.04
5653.40,374.885,4283.59
5661.84,381.657,4286.06
5670.31,388.496,4288.45
5678.80,395.400,4290.75
5687.33,402.369,4292.98
5695.88,409.402,4295.11
5704.47,416.497,4297.16
5713.07,423.655,4299.13
5721.71,430.874,4301.01
5730.38,438.153,4302.79
5739.07,445.491,4304.49
5747.79,452.888,4306.10
5756.54,460.342,4307.61
5765.32,467.852,4309.03
5774.13,475.417,4310.36
5782.96,483.037,4311.59
5791.83,490.709,4312.73
5800.72,498.434,4313.77
5809.63,506.210,4314.71
5818.58,514.036,4315.55
5827.56,521.911,4316.29
5836.56,529.834,4316.93
5845.59,537.803,4317.47
5854.65,545.818,4317.91
5863.73,553.877,4318.25
5872.84,561.980,4318.48
5881.99,570.125,4318.60
5891.16,578.310,4318.62
5900.35,586.535,4318.54
5909.58,594.799,4318.34
5918.83,603.101,4318.04
5928.11,611.438,4317.63
5937.42,619.810,4317.11
5946.75,628.216,4316.48
5956.12,636.655,4315.74
5965.51,645.124,4314.89
5974.93,653.624,4313.93
5984.37,662.152,4312.86
5993.85,670.708,4311.67
6003.35,679.290,4310.37
6012.88,687.897,4308.95
6022.44,696.528,4307.42
6032.02,705.181,4305.77
6041.63,713.855,4304.01
6051.27,722.548,4302.13
6060.94,731.261,4300.14
6070.63,739.991,4298.03
6080.36,748.736,4295.80
6090.11,757.496,4293.45
6099.88,766.270,4290.99
6109.69,775.056,4288.41
6119.52,783.852,4285.71
6129.38,792.658,4282.89
6139.27,801.472,4279.95
6149.18,810.293,4276.89
6159.13,819.119,4273.71
6169.10,827.950,4270.41
6179.10,836.784,4266.99
6189.12,845.620,4263.45
6199.18,854.456,4259.79
6209.26,863.291,4256.01
6219.37,872.125,4252.11
6229.51,880.954,4248.08
6239.67,889.780,4243.94
6249.86,898.599,4239.67
6260.09,907.412,4235.29
6270.34,916.216,4230.78
6280.61,925.010,4226.15
6290.92,933.794,4221.40
6301.25,942.566,4216.53
6311.62,951.325,4211.54
6322.01,960.069,4206.43
6332.43,968.798,4201.20
6342.88,977.510,4195.84
6353.35,986.204,4190.37
6363.86,994.879,4184.77
6374.40,1003.53,4179.06
6384.96,1012.17,4173.22
6395.55,1020.78,4167.27
6406.18,1029.37,4161.19
6416.83,1037.93,4155.00
6427.51,1046.47,4148.69
6438.22,1054.98,4142.26
6448.96,1063.46,4135.70
6459.74,1071.92,4129.04
6470.54,1080.34,4122.25
6481.37,1088.74,4115.34
6492.24,1097.10,4108.32
6503.13,1105.43,4101.18
6514.05,1113.73,4093.92
6525.01,1121.99,4086.55
6536.00,1130.21,4079.06
6547.02,1138.41,4071.46
6558.07,1146.56,4063.74
6569.15,1154.67,4055.91
6580.27,1162.75,4047.96
6591.42,1170.79,4039.90
6602.60,1178.79,4031.72
6613.82,1186.74,4023.43
6625.07,1194.66,4015.03
6636.35,1202.53,4006.52
6647.66,1210.36,3997.90
6659.01,1218.14,3989.16
6670.40,1225.88,3980.32
6681.82,1233.58,3971.36
6693.28,1241.23,3962.29
6704.77,1248.84,3953.12
6716.29,1256.39,3943.84
6727.86,1263.91,3934.45
6739.46,1271.37,3924.95
6751.10,1278.78,3915.35
6762.77,1286.15,3905.64
6774.48,1293.47,3895.82
6786.24,1300.74,3885.90
6798.03,1307.96,3875.87
6809.85,1315.13,3865.74
6821.72,1322.25,3855.51
6833.63,1329.32,3845.17
6845.58,1336.34,3834.73
6857.57,1343.31,3824.19
6869.60,1350.23,3813.55
6881.68,1357.10,3802.80
6893.79,1363.91,3791.96
6905.95,1370.68,3781.02
6918.15,1377.39,3769.97
6930.40,1384.06,3758.83
6942.69,1390.67,3747.59
6955.03,1397.23,3736.25
6967.41,1403.74,3724.82
6979.84,1410.20,3713.29
6992.31,1416.61,3701.66
7004.83,1422.98,3689.94
7017.40,1429.29,3678.12
7030.02,1435.55,3666.20
7042.68,1441.76,3654.19
7055.40,1447.92,3642.09
7068.17,1454.04,3629.90
7080.99,1460.10,3617.61
7093.85,1466.12,3605.22
7106.78,1472.09,3592.75
7119.75,1478.02,3580.18
7132.78,1483.90,3567.53
7145.86,1489.73,3554.78
7159.00,1495.52,3541.94
7172.19,1501.27,3529.00
7185.44,1506.97,3515.98
7198.74,1512.63,3502.87
7212.11,1518.25,3489.67
7225.53,1523.83,3476.38
7239.01,1529.37,3463.00
7252.55,1534.87,3449.53
7266.15,1540.33,3435.97
7279.81,1545.75,3422.32
7293.54,1551.14,3408.58
7307.32,1556.50,3394.75
7321.17,1561.82,3380.84
7335.09,1567.11,3366.83
7349.07,1572.37,3352.74
7363.11,1577.59,3338.56
7377.22,1582.79,3324.29
7391.40,1587.97,3309.93
7405.65,1593.11,3295.48
7419.97,1598.24,3280.95
7434.35,1603.34,3266.32
7448.81,1608.41,3251.60
7463.33,1613.47,3236.80
7477.93,1618.51,3221.90
7492.60,1623.54,3206.92
7507.35,1628.55,3191.84
7522.17,1633.55,3176.68
7537.06,1638.54,3161.42
7552.03,1643.51,3146.07
7567.07,1648.48,3130.63
7582.20,1653.45,3115.10
7597.40,1658.41,3099.48
7612.68,1663.37,3083.76
7628.03,1668.34,3067.94
7643.47,1673.30,3052.04
7658.99,1678.27,3036.04
7674.59,1683.25,3019.94
7690.27,1688.24,3003.74
7706.04,1693.24,2987.45
7721.88,1698.26,2971.06
7737.81,1703.29,2954.57
7753.83,1708.34,2937.99
7769.93,1713.42,2921.30
7786.12,1718.52,2904.51
7802.39,1723.65,2887.62
7818.75,1728.81,2870.62
7835.20,1734.00,2853.52
7851.73,1739.23,2836.32
7868.35,1744.50,2819.01
7885.07,1749.81,2801.59
7901.87,1755.16,2784.06
7918.76,1760.56,2766.42
7935.73,1766.02,2748.67
7952.80,1771.53,2730.81
7969.96,1777.09,2712.83
7987.21,1782.72,2694.74
8004.56,1788.41,2676.53
8021.99,1794.17,2658.20
8039.51,1800.00,2639.75
8057.13,1805.91,2621.18
8074.83,1811.89,2602.49
8092.63,1817.96,2583.68
8110.52,1824.11,2564.73
8128.50,1830.35,2545.66
8146.57,1836.69,2526.46
8164.73,1843.12,2507.13
8182.98,1849.66,2487.67
8201.33,1856.30,2468.07
8219.76,1863.05,2448.33
8238.28,1869.91,2428.46
8256.89,1876.89,2408.45
8275.59,1884.00,2388.29
8294.38,1891.23,2367.99
8313.25,1898.59,2347.54
8332.21,1906.09,2326.95
8351.26,1913.73,2306.20
8370.39,1921.51,2285.30
8389.60,1929.45,2264.25
8408.90,1937.53,2243.04
8428.28,1945.78,2221.67
8447.73,1954.19,2200.14
8467.27,1962.77,2178.45
8486.88,1971.53,2156.60
8506.57,1980.46,2134.57
8526.33,1989.58,2112.38
8546.16,1998.89,2090.01
8566.07,2008.39,2067.48
8586.04,2018.09,2044.76
8606.08,2028.00,2021.87
8626.18,2038.12,1998.80
8646.34,2048.46,1975.54
8666.56,2059.02,1952.10
8686.84,2069.80,1928.47
8707.17,2080.82,1904.66
8727.55,2092.08,1880.65
8747.98,2103.58,1856.45
8768.46,2115.33,1832.05
8788.97,2127.34,1807.46
8809.53,2139.61,1782.67
8830.11,2152.15,1757.67
8850.73,2164.97,1732.47
8871.38,2178.06,1707.07
8892.04,2191.44,1681.46
8912.73,2205.12,1655.64
8933.43,2219.09,1629.61
8954.14,2233.37,1603.37
8974.85,2247.95,1576.91
8995.57,2262.86,1550.24
9016.27,2278.09,1523.35
9036.97,2293.64,1496.24
9057.65,2309.54,1468.91
9078.32,2325.77,1441.36
9098.95,2342.36,1413.59
9119.55,2359.30,1385.59
9140.11,2376.59,1357.37
9160.63,2394.26,1328.93
9181.09,2412.30,1300.26
9201.49,2430.72,1271.36
9221.83,2449.52,1242.24
9242.10,2468.72,1212.89
9262.29,2488.31,1183.31
9282.38,2508.31,1153.50
9302.39,2528.71,1123.47
9322.29,2549.54,1093.21
9342.08,2570.78,1062.72
9361.74,2592.45,1032.01
9381.28,2614.55,1001.07
9400.69,2637.09,969.908
9419.95,2660.08,938.521
9439.05,2683.51,906.913
9457.99,2707.40,875.085
9476.76,2731.75,843.037
9495.35,2756.56,810.773
9513.74,2781.85,778.295
9531.93,2807.60,745.604
9549.91,2833.84,712.704
9567.66,2860.56,679.597
9585.18,2887.77,646.286
9602.46,2915.46,612.775
9619.49,2943.66,579.067
9636.25,2972.35,545.166
9652.73,3001.55,511.076
9668.93,3031.25,476.801
9684.83,3061.46,442.346
9700.41,3092.18,407.717
9715.68,3123.42,372.917
9730.62,3155.18,337.952
9745.21,3187.45,302.828
9759.44,3220.24,267.551
9773.31,3253.56,232.126
9786.80,3287.40,196.562
9799.89,3321.76,160.863
9812.58,3356.65,125.038
9824.86,3392.07,89.0925
9836.71,3428.01,53.0354
9848.12,3464.48,16.8742
9859.08,3501.47,-19.3831
9869.58,3538.98,-55.7281
9879.60,3577.02,-92.1521
9889.14,3615.58,-128.646
9898.18,3654.65,-165.202
9906.70,3694.25,-201.809
9914.71,3734.36,-238.457
9922.18,3774.97,-275.138
9929.11,3816.10,-311.841
9935.48,3857.73,-348.556
9941.29,3899.86,-385.271
9946.52,3942.48,-421.976
9951.15,3985.60,-458.661
9955.19,4029.19,-495.313
9958.62,4073.27,-531.921
9961.43,4117.82,-568.475
9963.61,4162.84,-604.961
9965.15,4208.31,-641.368
9966.04,4254.24,-677.684
9966.27,4300.62,-713.896
9965.83,4347.43,-749.993
9964.72,4394.66,-785.961
9962.92,4442.32,-821.787
9960.43,4490.39,-857.460
9957.24,4538.86,-892.966
9953.33,4587.72,-928.292
9948.72,4636.96,-963.425
9943.38,4686.58,-998.352
9937.31,4736.55,-1033.06
9930.51,4786.87,-1067.53
9922.96,4837.53,-1101.76
9914.67,4888.51,-1135.74
9905.63,4939.80,-1169.44
9895.83,4991.39,-1202.85
9885.27,5043.28,-1235.97
9873.95,5095.43,-1268.77
9861.86,5147.85,-1301.25
9849.01,5200.51,-1333.39
9835.38,5253.41,-1365.19
9820.97,5306.52,-1396.61
9805.79,5359.84,-1427.67
9789.83,5413.35,-1458.33
9773.09,5467.03,-1488.60
9755.57,5520.87,-1518.45
9737.28,5574.86,-1547.87
9718.21,5628.98,-1576.86
9698.36,5683.21,-1605.40
9677.73,5737.53,-1633.48
9656.33,5791.94,-1661.09
9634.16,5846.41,-1688.21
9611.22,5900.93,-1714.84
9587.52,5955.48,-1740.96
9563.05,6010.05,-1766.57
9537.82,6064.62,-1791.65
9511.84,6119.17,-1816.20
9485.12,6173.68,-1840.20
9457.65,6228.14,-1863.64
9429.44,6282.54,-1886.52
9400.50,6336.85,-1908.83
9370.84,6391.06,-1930.56
9340.46,6445.15,-1951.69
9309.37,6499.10,-1972.23
9277.57,6552.90,-1992.17
9245.08,6606.54,-2011.49
9211.91,6659.98,-2030.19
9178.06,6713.22,-2048.27
9143.54,6766.25,-2065.71
9108.36,6819.03,-2082.51
9072.54,6871.57,-2098.68
9036.08,6923.83,-2114.19
8998.99,6975.81,-2129.05
8961.28,7027.49,-2143.25
8922.97,7078.85,-2156.78
8884.06,7129.87,-2169.65
8844.58,7180.55,-2181.86
8804.52,7230.86,-2193.38
8763.91,7280.79,-2204.24
8722.76,7330.33,-2214.41
8681.07,7379.45,-2223.91
8638.86,7428.15,-2232.73
8596.15,7476.41,-2240.86
8552.95,7524.21,-2248.31
8509.28,7571.55,-2255.08
8465.14,7618.40,-2261.17
8420.55,7664.76,-2266.57
8375.52,7710.61,-2271.29
8330.08,7755.94,-2275.33
8284.23,7800.73,-2278.68
8238.00,7844.97,-2281.37
8191.39,7888.66,-2283.37
8144.42,7931.77,-2284.70
8097.10,7974.30,-2285.37
8049.46,8016.23,-2285.36
8001.50,8057.56,-2284.69
7953.25,8098.27,-2283.36
7904.72,8138.36,-2281.38
7855.92,8177.81,-2278.75
7806.87,8216.61,-2275.46
7757.59,8254.75,-2271.54
7708.08,8292.23,-2266.98
7658.38,8329.04,-2261.80
7608.49,8365.17,-2255.99
7558.44,8400.60,-2249.56
7508.23,8435.34,-2242.52
7457.88,8469.38,-2234.87
7407.41,8502.70,-2226.63
7356.83,8535.31,-2217.80
7306.16,8567.19,-2208.39
7255.42,8598.34,-2198.41
7204.63,8628.76,-2187.86
7153.79,8658.44,-2176.75
7102.92,8687.37,-2165.10
7052.04,8715.56,-2152.90
7001.17,8742.99,-2140.18
6950.31,8769.67,-2126.93
6899.50,8795.58,-2113.17
6848.73,8820.74,-2098.91
6798.02,8845.14,-2084.15
6747.40,8868.76,-2068.92
6696.87,8891.63,-2053.21
6646.45,8913.72,-2037.04
6596.16,8935.04,-2020.42
6546.00,8955.60,-2003.35
6496.00,8975.38,-1985.86
6446.16,8994.40,-1967.94
6396.50,9012.65,-1949.62
6347.03,9030.13,-1930.90
6297.77,9046.84,-1911.79
6248.73,9062.79,-1892.31
6199.92,9077.98,-1872.46
6151.35,9092.41,-1852.25
6103.04,9106.08,-1831.71
6055.01,9119.00,-1810.83
6007.25,9131.17,-1789.63
5959.79,9142.59,-1768.13
5912.63,9153.27,-1746.33
5865.78,9163.22,-1724.24
5819.27,9172.43,-1701.88
5773.09,9180.91,-1679.25
5727.25,9188.67,-1656.38
5681.78,9195.71,-1633.26
5636.67,9202.04,-1609.91
5591.94,9207.67,-1586.35
5547.60,9212.59,-1562.58
5503.65,9216.83,-1538.61
5460.10,9220.38,-1514.46
5416.97,9223.25,-1490.13
5374.26,9225.46,-1465.64
5331.98,9227.00,-1441.00
5290.14,9227.88,-1416.22
5248.73,9228.12,-1391.30
5207.78,9227.73,-1366.27
5167.29,9226.70,-1341.12
5127.26,9225.05,-1315.88
5087.70,9222.79,-1290.54
5048.62,9219.93,-1265.12
5010.01,9216.48,-1239.63
4971.90,9212.44,-1214.08
4934.27,9207.82,-1188.48
4897.15,9202.65,-1162.84
4860.52,9196.91,-1137.16
4824.40,9190.63,-1111.46
4788.79,9183.82,-1085.74
4753.69,9176.48,-1060.02
4719.11,9168.63,-1034.30
4685.04,9160.28,-1008.58
4651.50,9151.43,-982.888
4618.48,9142.09,-957.218
4585.99,9132.29,-931.580
4554.03,9122.02,-905.983
4522.60,9111.30,-880.433
4491.70,9100.15,-854.938
4461.33,9088.56,-829.505
4431.50,9076.55,-804.139
4402.20,9064.13,-778.848
4373.44,9051.32,-753.638
4345.21,9038.12,-728.515
4317.52,9024.55,-703.484
4290.36,9010.61,-678.552
4263.74,8996.31,-653.723
4237.66,8981.67,-629.002
4212.10,8966.70,-604.395
4187.08,8951.41,-579.907
4162.59,8935.80,-555.542
4138.64,8919.89,-531.303
4115.21,8903.69,-507.196
4092.30,8887.21,-483.225
4069.93,8870.46,-459.392
4048.07,8853.45,-435.702
4026.74,8836.19,-412.158
4005.92,8818.69,-388.763
3985.62,8800.96,-365.520
3965.83,8783.01,-342.432
3946.55,8764.85,-319.500
3927.78,8746.49,-296.728
3909.51,8727.94,-274.118
3891.74,8709.21,-251.672
3874.47,8690.30,-229.391
3857.70,8671.23,-207.277
3841.41,8652.00,-185.332
3825.61,8632.63,-163.557
3810.29,8613.13,-141.953
3795.45,8593.49,-120.520
3781.08,8573.74,-99.2609
3767.19,8553.87,-78.1747
3753.76,8533.90,-57.2625
3740.79,8513.84,-36.5245
3728.28,8493.69,-15.9609
3716.23,8473.46,4.42820
3704.62,8453.15,24.6429
3693.45,8432.79,44.6835
3682.73,8412.37,64.5503
3672.44,8391.89,84.2437
3662.58,8371.38,103.764
3653.15,8350.83,123.113
3644.14,8330.25,142.291
3635.55,8309.65,161.298
3627.37,8289.03,180.136
3619.59,8268.41,198.806
3612.22,8247.78,217.310
3605.24,8227.15,235.648
3598.66,8206.54,253.822
3592.46,8185.93,271.834
3586.65,8165.35,289.685
3581.22,8144.80,307.377
3576.16,8124.27,324.912
3571.46,8103.78,342.292
3567.13,8083.33,359.518
3563.16,8062.93,376.593
3559.55,8042.58,393.518
3556.28,8022.29,410.297
3553.36,8002.05,426.930
3550.77,7981.88,443.421
3548.53,7961.78,459.772
3546.61,7941.75,475.984
3545.01,7921.80,492.061
3543.74,7901.93,508.005
3542.79,7882.14,523.819
3542.14,7862.45,539.504
3541.81,7842.84,555.065
3541.77,7823.34,570.502
3542.04,7803.93,585.819
3542.59,7784.62,601.019
3543.44,7765.42,616.104
3544.57,7746.32,631.078
3545.98,7727.34,645.942
3547.67,7708.47,660.700
3549.62,7689.72,675.355
3551.85,7671.09,689.909
3554.34,7652.58,704.365
3557.09,7634.20,718.726
3560.09,7615.94,732.996
3563.34,7597.82,747.176
3566.84,7579.82,761.271
3570.58,7561.96,775.282
3574.56,7544.24,789.213
3578.77,7526.65,803.067
3583.22,7509.20,816.846
3587.89,7491.90,830.554
3592.78,7474.74,844.194
3597.89,7457.73,857.769
3603.22,7440.86,871.281
3608.76,7424.14,884.733
3614.50,7407.58,898.129
3620.45,7391.16,911.472
3626.60,7374.90,924.764
3632.95,7358.80,938.009
3639.49,7342.85,951.209
3646.22,7327.06,964.368
3653.13,7311.43,977.488
3660.23,7295.96,990.573
3667.50,7280.65,1003.62
3674.96,7265.50,1016.65
3682.58,7250.52,1029.64
3690.37,7235.71,1042.61
3698.33,7221.06,1055.56
3706.45,7206.57,1068.50
3714.73,7192.26,1081.41
3723.17,7178.12,1094.32
3731.76,7164.14,1107.21
3740.50,7150.34,1120.10
3749.38,7136.71,1132.99
3758.41,7123.25,1145.87
3767.57,7109.97,1158.76
3776.88,7096.86,1171.65
3786.31,7083.92,1184.55
3795.88,7071.17,1197.46
3805.58,7058.59,1210.38
3815.39,7046.18,1223.32
3825.34,7033.96,1236.27
3835.39,7021.92,1249.25
3845.57,7010.05,1262.26
3855.85,6998.37,1275.29
3866.25,6986.87,1288.34
3876.75,6975.55,1301.44
3887.36,6964.42,1314.56
3898.06,6953.46,1327.73
3908.86,6942.70,1340.93
3919.76,6932.11,1354.18
3930.75,6921.72,1367.47
3941.82,6911.50,1380.81
3952.98,6901.48,1394.20
3964.23,6891.64,1407.65
3975.55,6882.00,1421.15
3986.95,6872.54,1434.70
3998.42,6863.27,1448.32
4009.97,6854.19,1462.00
4021.58,6845.30,1475.75
4033.25,6836.60,1489.57
4044.99,6828.10,1503.45
4056.78,6819.79,1517.41
4068.63,6811.67,1531.44
4080.53,6803.75,1545.55
4092.49,6796.02,1559.74
4104.48,6788.48,1574.01
4116.52,6781.15,1588.37
4128.60,6774.01,1602.81
4140.72,6767.06,1617.34
4152.87,6760.32,1631.96
4165.04,6753.77,1646.68
4177.25,6747.43,1661.49
4189.48,6741.28,1676.39
4201.73,6735.33,1691.40
4214.00,6729.59,1706.51
4226.28,6724.05,1721.72
4238.57,6718.71,1737.03
4250.87,6713.57,1752.45
4263.17,6708.64,1767.99
4275.47,6703.92,1783.63
4287.77,6699.40,1799.38
4300.06,6695.08,1815.25
4312.34,6690.98,1831.24
4324.60,6687.08,1847.34
4336.85,6683.39,1863.56
4349.08,6679.91,1879.91
4361.28,6676.64,1896.37
4373.45,6673.58,1912.96
4385.59,6670.73,1929.68
4397.69,6668.10,1946.52
4409.75,6665.68,1963.49
4421.77,6663.47,1980.59
4433.74,6661.47,1997.82
4445.66,6659.70,2015.19
4457.52,6658.13,2032.69
4469.32,6656.79,2050.32
4481.05,6655.66,2068.09
4492.72,6654.75,2085.99
4504.31,6654.05,2104.03
4515.83,6653.58,2122.21
4527.27,6653.33,2140.53
4538.62,6653.30,2158.99
4549.87,6653.49,2177.59
4561.04,6653.90,2196.33
4572.10,6654.53,2215.22
4583.07,6655.39,2234.24
4593.92,6656.47,2253.41
4604.66,6657.78,2272.72
4615.28,6659.31,2292.17
4625.78,6661.07,2311.77
4636.16,6663.05,2331.50
4646.40,6665.26,2351.39
4656.51,6667.70,2371.41
4666.47,6670.37,2391.58
4676.29,6673.26,2411.89
4685.96,6676.38,2432.34
4695.47,6679.74,2452.94
4704.82,6683.32,2473.67
4714.00,6687.13,2494.55
4723.02,6691.17,2515.56
4731.86,6695.44,2536.72
4740.51,6699.95,2558.01
4748.98,6704.68,2579.43
4757.26,6709.65,2601.00
4765.34,6714.85,2622.70
4773.22,6720.27,2644.53
4780.90,6725.94,2666.49
4788.36,6731.83,2688.58
4795.60,6737.95,2710.80
4802.63,6744.31,2733.14
4809.42,6750.90,2755.61
4815.98,6757.72,2778.20
4822.30,6764.77,2800.91
4828.38,6772.06,2823.74
4834.21,6779.57,2846.68
4839.79,6787.32,2869.74
4845.10,6795.29,2892.90
4850.15,6803.50,2916.17
4854.94,6811.93,2939.55
4859.44,6820.60,2963.03
4863.67,6829.49,2986.60
4867.61,6838.62,3010.27
4871.26,6847.97,3034.03
4874.62,6857.54,3057.87
4877.67,6867.34,3081.80
4880.42,6877.37,3105.81
4882.86,6887.62,3129.90
4884.98,6898.10,3154.06
4886.78,6908.79,3178.28
4888.26,6919.71,3202.57
4889.40,6930.85,3226.92
4890.21,6942.20,3251.32
4890.69,6953.78,3275.77
4890.81,6965.57,3300.27
4890.59,6977.57,3324.80
4890.02,6989.79,3349.37
4889.09,7002.21,3373.97
4887.79,7014.85,3398.60
4886.14,7027.70,3423.24
4884.11,7040.75,3447.90
4881.70,7054.00,3472.56
4878.92,7067.46,3497.22
4875.76,7081.12,3521.88
4872.21,7094.97,3546.54
4868.27,7109.03,3571.17
4863.94,7123.27,3595.78
4859.21,7137.71,3620.37
4854.08,7152.33,3644.92
4848.55,7167.14,3669.42
4842.62,7182.14,3693.88
4836.28,7197.32,3718.29
4829.52,7212.67,3742.63
4822.35,7228.20,3766.90
4814.77,7243.90,3791.10
4806.77,7259.77,3815.22
4798.34,7275.81,3839.24
4789.50,7292.01,3863.17
4780.22,7308.38,3887.00
4770.53,7324.89,3910.71
4760.40,7341.57,3934.31
4749.85,7358.39,3957.78
4738.86,7375.36,3981.12
4727.45,7392.47,4004.31
4715.60,7409.72,4027.36
4703.32,7427.11,4050.25
4690.60,7444.63,4072.98
4677.45,7462.28,4095.54
4663.87,7480.05,4117.91
4649.85,7497.94,4140.11
4635.40,7515.95,4162.10
4620.52,7534.07,4183.90
4605.20,7552.29,4205.48
4589.45,7570.62,4226.85
4573.27,7589.05,4247.99
4556.66,7607.58,4268.90
4539.62,7626.19,4289.57
4522.15,7644.89,4309.99
4504.26,7663.67,4330.15
4485.94,7682.53,4350.05
4467.20,7701.46,4369.68
4448.04,7720.46,4389.03
4428.47,7739.52,4408.10
4408.48,7758.64,4426.87
4388.08,7777.81,4445.34
4367.27,7797.02,4463.50
4346.06,7816.29,4481.34
4324.44,7835.58,4498.86
4302.43,7854.92,4516.05
4280.02,7874.28,4532.91
4257.22,7893.66,4549.41
4234.04,7913.06,4565.57
4210.48,7932.47,4581.37
4186.53,7951.89,4596.81
4162.22,7971.31,4611.87
4137.54,7990.73,4626.55
4112.50,8010.14,4640.86
4087.10,8029.54,4654.77
4061.35,8048.92,4668.28
4035.25,8068.28,4681.39
4008.82,8087.60,4694.09
3982.05,8106.89,4706.38
3954.95,8126.14,4718.24
3927.53,8145.35,4729.68
3899.80,8164.51,4740.69
3871.76,8183.61,4751.27
3843.42,8202.64,4761.40
3814.78,8221.62,4771.08
3785.86,8240.52,4780.32
3756.65,8259.34,4789.10
3727.18,8278.08,4797.41
3697.44,8296.74,4805.27
3667.44,8315.30,4812.65
3637.19,8333.76,4819.57
3606.70,8352.13,4826.01
3575.98,8370.38,4831.96
3545.03,8388.52,4837.44
3513.87,8406.54,4842.43
3482.49,8424.44,4846.93
3450.92,8442.21,4850.94
3419.15,8459.85,4854.45
3387.21,8477.36,4857.47
3355.08,8494.72,4859.99
3322.80,8511.93,4862.01
3290.35,8528.99,4863.52
3257.76,8545.89,4864.53
3225.03,8562.63,4865.04
3192.18,8579.21,4865.04
3159.20,8595.62,4864.53
3126.11,8611.85,4863.51
3092.92,8627.90,4861.99
3059.64,8643.77,4859.95
3026.28,8659.46,4857.40
2992.84,8674.95,4854.35
2959.34,8690.25,4850.79
2925.79,8705.34,4846.71
2892.19,8720.24,4842.13
2858.56,8734.93,4837.05
2824.90,8749.41,4831.45
2791.23,8763.67,4825.35
2757.55,8777.72,4818.75
2723.87,8791.54,4811.65
2690.21,8805.14,4804.05
2656.57,8818.52,4795.95
2622.96,8831.66,4787.36
2589.39,8844.58,4778.27
2555.87,8857.25,4768.69
2522.41,8869.69,4758.63
2489.03,8881.88,4748.08
2455.72,8893.83,4737.06
2422.49,8905.54,4725.55
2389.37,8917.00,4713.58
2356.35,8928.20,4701.13
2323.45,8939.16,4688.22
2290.67,8949.85,4674.85
2258.03,8960.30,4661.02
2225.52,8970.48,4646.74
2193.17,8980.40,4632.01
2160.98,8990.07,4616.84
2128.95,8999.47,4601.24
2097.10,9008.60,4585.20
2065.43,9017.47,4568.73
2033.96,9026.08,4551.84
2002.69,9034.42,4534.54
1971.63,9042.49,4516.83
1940.78,9050.29,4498.71
1910.15,9057.83,4480.20
1879.76,9065.10,4461.30
1849.61,9072.09,4442.01
1819.70,9078.82,4422.34
1790.05,9085.28,4402.30
1760.66,9091.48,4381.89
1731.53,9097.40,4361.12
1702.68,9103.05,4340.01
1674.11,9108.44,4318.54
1645.82,9113.57,4296.75
1617.83,9118.42,4274.61
1590.14,9123.01,4252.16
1562.75,9127.34,4229.39
1535.67,9131.41,4206.31
1508.91,9135.22,4182.93
1482.47,9138.76,4159.25
1456.36,9142.05,4135.29
1430.57,9145.08,4111.05
1405.13,9147.86,4086.54
1380.02,9150.38,4061.76
1355.26,9152.66,4036.73
1330.85,9154.68,4011.45
1306.79,9156.46,3985.93
1283.09,9158.00,3960.17
1259.76,9159.29,3934.19
1236.78,9160.35,3908.00
1214.17,9161.17,3881.59
1191.94,9161.76,3854.98
1170.08,9162.12,3828.17
1148.59,9162.25,3801.18
1127.48,9162.15,3774.01
1106.76,9161.84,3746.66
1086.42,9161.31,3719.15
1066.46,9160.56,3691.49
1046.89,9159.60,3663.67
1027.71,9158.44,3635.72
1008.92,9157.07,3607.62
990.525,9155.50,3579.41
972.519,9153.74,3551.07
954.907,9151.78,3522.61
937.688,9149.63,3494.06
920.864,9147.30,3465.40
904.434,9144.79,3436.65
888.400,9142.10,3407.81
872.760,9139.24,3378.90
857.514,9136.22,3349.92
842.663,9133.02,3320.87
828.206,9129.67,3291.76
814.141,9126.16,3262.59
800.468,9122.50,3233.38
787.187,9118.70,3204.14
774.295,9114.75,3174.85
761.791,9110.66,3145.54
749.675,9106.44,3116.21
737.943,9102.09,3086.85
726.595,9097.62,3057.49
715.629,9093.02,3028.12
705.041,9088.31,2998.75
694.832,9083.49,2969.38
684.996,9078.56,2940.02
675.534,9073.54,2910.68
666.441,9068.41,2881.35
657.715,9063.19,2852.05
649.353,9057.88,2822.78
641.353,9052.49,2793.53
633.710,9047.03,2764.33
626.423,9041.48,2735.16
619.488,9035.87,2706.03
612.900,9030.19,2676.96
606.658,9024.45,2647.93
600.757,9018.65,2618.96
595.193,9012.80,2590.05
589.964,9006.91,2561.19
585.064,9000.97,2532.40
580.491,8994.99,2503.68
576.240,8988.97,2475.03
572.306,8982.93,2446.44
568.687,8976.86,2417.94
565.378,8970.76,2389.51
562.374,8964.65,2361.15
559.671,8958.53,2332.88
557.266,8952.40,2304.69
555.152,8946.26,2276.59
553.327,8940.11,2248.57
551.785,8933.97,2220.64
550.522,8927.84,2192.79
549.533,8921.72,2165.04
548.813,8915.61,2137.38
548.359,8909.51,2109.81
548.165,8903.44,2082.33
548.226,8897.39,2054.94
548.538,8891.37,2027.65
549.096,8885.39,2000.46
549.895,8879.43,1973.36
550.931,8873.52,1946.35
552.197,8867.64,1919.44
553.691,8861.81,1892.62
555.405,8856.03,1865.90
557.337,8850.30,1839.28
559.481,8844.62,1812.75
561.831,8839.00,1786.31
564.383,8833.44,1759.97
567.133,8827.95,1733.72
570.074,8822.51,1707.57
573.203,8817.15,1681.51
576.514,8811.85,1655.54
580.002,8806.63,1629.65
583.662,8801.49,1603.86
587.490,8796.42,1578.16
591.481,8791.43,1552.54
595.629,8786.53,1527.01
599.930,8781.70,1501.57
604.378,8776.97,1476.21
608.970,8772.33,1450.93
613.699,8767.77,1425.73
618.561,8763.31,1400.61
623.552,8758.95,1375.57
628.666,8754.68,1350.61
633.898,8750.51,1325.72
639.245,8746.44,1300.90
644.699,8742.47,1276.15
650.258,8738.60,1251.48
655.916,8734.84,1226.87
661.669,8731.18,1202.32
667.511,8727.64,1177.84
673.438,8724.20,1153.43
679.445,8720.87,1129.07
685.527,8717.65,1104.77
691.680,8714.54,1080.53
697.899,8711.55,1056.34
704.179,8708.67,1032.20
710.515,8705.91,1008.11
716.904,8703.26,984.073
723.339,8700.73,960.080
729.817,8698.31,936.130
736.333,8696.01,912.223
742.882,8693.84,888.355
749.460,8691.78,864.525
756.062,8689.84,840.730
762.683,8688.02,816.969
769.320,8686.32,793.239
775.966,8684.74,769.539
782.619,8683.29,745.866
789.272,8681.95,722.218
795.923,8680.73,698.594
802.565,8679.64,674.991
809.195,8678.67,651.407
815.809,8677.82,627.841
822.401,8677.09,604.290
828.968,8676.48,580.753
835.504,8675.99,557.227
842.006,8675.62,533.711
848.468,8675.38,510.203
854.888,8675.25,486.701
861.259,8675.24,463.203
867.578,8675.35,439.708
873.840,8675.58,416.214
880.041,8675.93,392.719
886.177,8676.39,369.222
892.243,8676.97,345.722
898.235,8677.67,322.216
904.149,8678.48,298.703
909.979,8679.41,275.182
915.723,8680.44,251.651
921.375,8681.60,228.110
926.932,8682.86,204.556
932.389,8684.23,180.989
937.741,8685.71,157.408
942.986,8687.30,133.811
948.117,8689.00,110.198
953.132,8690.80,86.5672
958.026,8692.71,62.9180
962.795,8694.72,39.2497
967.434,8696.83,15.5615
971.940,8699.04,-8.14741
976.309,8701.35,-31.8775
980.536,8703.75,-55.6294
984.617,8706.26,-79.4034
988.549,8708.85,-103.200
992.327,8711.54,-127.020
995.947,8714.32,-150.863
999.406,8717.19,-174.729
1002.70,8720.14,-198.618
1005.82,8723.18,-222.532
1008.77,8726.31,-246.468
1011.55,8729.51,-270.428
1014.14,8732.80,-294.410
1016.55,8736.16,-318.415
1018.76,8739.60,-342.443
1020.79,8743.11,-366.492
1022.62,8746.69,-390.562
1024.25,8750.34,-414.653
1025.68,8754.06,-438.764
1026.90,8757.85,-462.893
1027.92,8761.69,-487.041
1028.71,8765.60,-511.205
1029.29,8769.56,-535.386
1029.66,8773.58,-559.581
1029.79,8777.66,-583.789
1029.70,8781.78,-608.010
1029.39,8785.95,-632.241
1028.83,8790.17,-656.481
1028.05,8794.43,-680.728
1027.02,8798.73,-704.981
1025.75,8803.08,-729.238
1024.24,8807.45,-753.497
1022.47,8811.86,-777.756
1020.46,8816.30,-802.013
1018.20,8820.77,-826.265
1015.68,8825.26,-850.511
1012.90,8829.78,-874.748
1009.86,8834.31,-898.974
1006.56,8838.87,-923.186
1002.99,8843.43,-947.382
999.153,8848.01,-971.559
995.048,8852.60,-995.715
990.673,8857.20,-1019.85
986.023,8861.79,-1043.95
981.099,8866.39,-1068.02
975.897,8870.99,-1092.06
970.417,8875.58,-1116.06
964.656,8880.16,-1140.03
958.614,8884.73,-1163.95
952.288,8889.29,-1187.82
945.678,8893.83,-1211.64
938.783,8898.35,-1235.42
931.601,8902.85,-1259.13
924.131,8907.32,-1282.78
916.373,8911.77,-1306.37
908.326,8916.19,-1329.89
899.988,8920.57,-1353.34
891.361,8924.92,-1376.72
882.442,8929.23,-1400.02
873.233,8933.49,-1423.23
863.732,8937.71,-1446.36
853.939,8941.89,-1469.39
843.856,8946.01,-1492.33
833.480,8950.08,-1515.17
822.814,8954.09,-1537.91
811.857,8958.05,-1560.54
800.610,8961.94,-1583.06
789.073,8965.78,-1605.46
777.248,8969.54,-1627.74
765.134,8973.23,-1649.90
752.733,8976.86,-1671.93
740.046,8980.41,-1693.82
727.074,8983.88,-1715.58
713.819,8987.27,-1737.20
700.281,8990.58,-1758.67
686.463,8993.81,-1779.99
672.366,8996.95,-1801.16
657.992,9000.00,-1822.16
643.343,9002.96,-1843.01
628.420,9005.82,-1863.68
613.227,9008.59,-1884.19
597.764,9011.26,-1904.51
582.035,9013.82,-1924.66
566.042,9016.29,-1944.62
549.788,9018.65,-1964.39
533.275,9020.90,-1983.97
516.506,9023.04,-2003.35
499.484,9025.07,-2022.53
482.213,9026.99,-2041.50
464.695,9028.79,-2060.26
446.933,9030.47,-2078.81
428.932,9032.03,-2097.13
410.693,9033.48,-2115.24
392.223,9034.80,-2133.11
373.522,9035.99,-2150.76
354.597,9037.06,-2168.17
335.450,9038.00,-2185.34
316.085,9038.81,-2202.27
296.507,9039.48,-2218.96
276.720,9040.03,-2235.39
256.728,9040.44,-2251.57
236.535,9040.71,-2267.50
216.147,9040.85,-2283.16
195.567,9040.85,-2298.56
174.800,9040.71,-2313.69
153.851,9040.43,-2328.55
132.725,9040.01,-2343.14
111.426,9039.44,-2357.45
89.9602,9038.73,-2371.47
68.3319,9037.88,-2385.22
46.5464,9036.88,-2398.68
24.6088,9035.73,-2411.85
2.52458,9034.43,-2424.73
-19.7011,9032.99,-2437.31
-42.0628,9031.40,-2449.60
-64.5550,9029.66,-2461.59
-87.1723,9027.76,-2473.27
-109.909,9025.72,-2484.66
-132.760,9023.53,-2495.73
-155.718,9021.18,-2506.50
-178.780,9018.68,-2516.95
-201.938,9016.03,-2527.10
-225.186,9013.23,-2536.93
-248.520,9010.28,-2546.44
-271.933,9007.17,-2555.64
-295.419,9003.91,-2564.52
-318.972,9000.50,-2573.07
-342.587,8996.93,-2581.31
-366.257,8993.21,-2589.22
-389.976,8989.34,-2596.81
-413.738,8985.32,-2604.07
-437.537,8981.15,-2611.01
-461.367,8976.82,-2617.62
-485.223,8972.34,-2623.90
-509.097,8967.71,-2629.86
-532.983,8962.93,-2635.49
-556.876,8958.01,-2640.79
-580.770,8952.93,-2645.76
-604.658,8947.70,-2650.40
-628.534,8942.33,-2654.71
-652.393,8936.81,-2658.69
-676.227,8931.14,-2662.35
-700.031,8925.33,-2665.68
-723.800,8919.38,-2668.68
-747.526,8913.28,-2671.35
-771.204,8907.04,-2673.69
-794.828,8900.65,-2675.71
-818.391,8894.13,-2677.41
-841.889,8887.47,-2678.78
-865.315,8880.67,-2679.83
-888.662,8873.74,-2680.55
-911.927,8866.67,-2680.96
-935.101,8859.46,-2681.04
-958.181,8852.12,-2680.81
-981.159,8844.66,-2680.27
-1004.03,8837.06,-2679.41
-1026.79,8829.34,-2678.23
-1049.43,8821.49,-2676.75
-1071.95,8813.51,-2674.96
-1094.34,8805.41,-2672.86
-1116.60,8797.19,-2670.45
-1138.72,8788.85,-2667.75
-1160.69,8780.40,-2664.74
-1182.51,8771.83,-2661.44
-1204.18,8763.14,-2657.84
-1225.68,8754.34,-2653.95
-1247.03,8745.43,-2649.77
-1268.20,8736.42,-2645.31
-1289.20,8727.29,-2640.56
-1310.01,8718.07,-2635.53
-1330.65,8708.74,-2630.22
-1351.09,8699.31,-2624.64
-1371.34,8689.78,-2618.78
-1391.40,8680.16,-2612.66
-1411.25,8670.44,-2606.27
-1430.90,8660.63,-2599.62
-1450.33,8650.74,-2592.72
-1469.55,8640.75,-2585.55
-1488.55,8630.68,-2578.14
-1507.33,8620.53,-2570.48
-1525.89,8610.30,-2562.58
-1544.21,8599.99,-2554.43
-1562.30,8589.61,-2546.06
-1580.15,8579.15,-2537.44
-1597.76,8568.63,-2528.60
-1615.13,8558.03,-2519.54
-1632.25,8547.37,-2510.26
-1649.12,8536.65,-2500.76
-1665.74,8525.87,-2491.04
-1682.10,8515.02,-2481.12
-1698.20,8504.13,-2471.00
-1714.04,8493.17,-2460.68
-1729.61,8482.17,-2450.16
-1744.92,8471.12,-2439.45
-1759.96,8460.03,-2428.55
-1774.73,8448.89,-2417.47
-1789.22,8437.71,-2406.21
-1803.44,8426.49,-2394.78
-1817.38,8415.24,-2383.18
-1831.04,8403.96,-2371.42
-1844.42,8392.64,-2359.49
-1857.51,8381.30,-2347.41
-1870.33,8369.93,-2335.18
-1882.85,8358.54,-2322.80
-1895.09,8347.13,-2310.27
-1907.03,8335.70,-2297.61
-1918.69,8324.26,-2284.82
-1930.05,8312.81,-2271.90
-1941.13,8301.34,-2258.85
-1951.91,8289.87,-2245.68
-1962.40,8278.40,-2232.39
-1972.59,8266.92,-2219.00
-1982.48,8255.44,-2205.49
-1992.09,8243.97,-2191.89
-2001.39,8232.50,-2178.18
-2010.40,8221.04,-2164.39
-2019.11,8209.59,-2150.50
-2027.53,8198.15,-2136.53
-2035.65,8186.73,-2122.48
-2043.47,8175.33,-2108.35
-2051.00,8163.95,-2094.15
-2058.23,8152.59,-2079.88
-2065.16,8141.25,-2065.55
-2071.80,8129.95,-2051.15
-2078.15,8118.67,-2036.71
-2084.20,8107.43,-2022.21
-2089.96,8096.22,-2007.66
-2095.43,8085.05,-1993.08
-2100.60,8073.91,-1978.45
-2105.48,8062.82,-1963.79
-2110.08,8051.78,-1949.10
-2114.38,8040.78,-1934.38
-2118.40,8029.83,-1919.64
-2122.14,8018.93,-1904.87
-2125.58,8008.08,-1890.10
-2128.75,7997.29,-1875.31
-2131.63,7986.56,-1860.51
-2134.23,7975.88,-1845.71
-2136.55,7965.27,-1830.91
-2138.60,7954.72,-1816.11
-2140.37,7944.24,-1801.31
-2141.87,7933.82,-1786.53
-2143.09,7923.48,-1771.76
-2144.05,7913.20,-1757.00
-2144.74,7903.00,-1742.27
-2145.16,7892.88,-1727.56
-2145.32,7882.83,-1712.87
-2145.21,7872.87,-1698.21
-2144.85,7862.98,-1683.59
-2144.23,7853.18,-1669.00
-2143.35,7843.46,-1654.45
-2142.22,7833.83,-1639.94
-2140.84,7824.29,-1625.47
-2139.22,7814.84,-1611.05
-2137.34,7805.49,-1596.68
-2135.23,7796.22,-1582.36
-2132.87,7787.05,-1568.09
-2130.28,7777.98,-1553.89
-2127.45,7769.01,-1539.74
-2124.38,7760.13,-1525.65
-2121.09,7751.36,-1511.63
-2117.57,7742.70,-1497.67
-2113.82,7734.13,-1483.79
-2109.85,7725.68,-1469.97
-2105.66,7717.33,-1456.23
-2101.26,7709.09,-1442.56
-2096.64,7700.96,-1428.97
-2091.81,7692.94,-1415.46
-2086.77,7685.04,-1402.04
-2081.52,7677.25,-1388.69
-2076.07,7669.57,-1375.43
-2070.43,7662.02,-1362.25
-2064.58,7654.58,-1349.17
-2058.54,7647.26,-1336.17
-2052.31,7640.06,-1323.26
-2045.89,7632.99,-1310.45
-2039.28,7626.04,-1297.73
-2032.49,7619.21,-1285.11
-2025.52,7612.50,-1272.59
-2018.37,7605.93,-1260.16
-2011.05,7599.48,-1247.83
-2003.56,7593.16,-1235.61
-1995.90,7586.96,-1223.48
-1988.07,7580.90,-1211.46
-1980.08,7574.97,-1199.55
-1971.94,7569.17,-1187.73
-1963.63,7563.51,-1176.03
-1955.17,7557.98,-1164.43
-1946.56,7552.58,-1152.94
-1937.80,7547.32,-1141.56
-1928.89,7542.20,-1130.29
-1919.84,7537.21,-1119.13
-1910.65,7532.37,-1108.08
-1901.33,7527.66,-1097.14
-1891.87,7523.09,-1086.32
-1882.28,7518.66,-1075.60
-1872.56,7514.37,-1065.00
-1862.71,7510.23,-1054.52
-1852.74,7506.23,-1044.15
-1842.65,7502.37,-1033.89
-1832.44,7498.65,-1023.75
-1822.12,7495.08,-1013.73
-1811.69,7491.66,-1003.82
-1801.14,7488.38,-994.030
-1790.49,7485.25,-984.355
-1779.73,7482.26,-974.797
-1768.88,7479.42,-965.356
-1757.92,7476.73,-956.033
-1746.87,7474.19,-946.827
-1735.72,7471.80,-937.738
-1724.48,7469.56,-928.768
-1713.15,7467.47,-919.915
-1701.74,7465.53,-911.180
-1690.24,7463.75,-902.563
-1678.66,7462.11,-894.063
-1667.01,7460.63,-885.682
-1655.27,7459.30,-877.419
-1643.46,7458.12,-869.273
-1631.59,7457.10,-861.245
-1619.64,7456.23,-853.334
-1607.62,7455.52,-845.541
-1595.54,7454.96,-837.866
-1583.40,7454.56,-830.308
-1571.20,7454.32,-822.866
-1558.95,7454.23,-815.542
-1546.63,7454.30,-808.334
-1534.27,7454.53,-801.243
-1521.85,7454.91,-794.267
-1509.39,7455.46,-787.408
-1496.88,7456.16,-780.665
-1484.33,7457.02,-774.037
-1471.74,7458.05,-767.524
-1459.11,7459.23,-761.126
-1446.44,7460.57,-754.842
-1433.73,7462.08,-748.673
-1421.00,7463.75,-742.617
-1408.23,7465.58,-736.675
-1395.43,7467.57,-730.847
-1382.61,7469.73,-725.131
-1369.77,7472.05,-719.528
-1356.90,7474.53,-714.037
-1344.02,7477.18,-708.658
-1331.11,7479.99,-703.390
-1318.19,7482.97,-698.233
-1305.26,7486.11,-693.187
-1292.32,7489.43,-688.251
-1279.37,7492.90,-683.425
-1266.41,7496.55,-678.708
-1253.44,7500.36,-674.101
-1240.48,7504.34,-669.601
-1227.51,7508.49,-665.210
-1214.54,7512.81,-660.927
-1201.58,7517.30,-656.751
-1188.62,7521.96,-652.682
-1175.67,7526.80,-648.719
-1162.73,7531.80,-644.863
-1149.80,7536.97,-641.111
-1136.89,7542.32,-637.465
-1123.99,7547.84,-633.924
-1111.10,7553.53,-630.486
-1098.24,7559.40,-627.153
-1085.40,7565.44,-623.922
-1072.59,7571.66,-620.795
-1059.80,7578.06,-617.769
-1047.04,7584.63,-614.846
-1034.31,7591.38,-612.024
-1021.61,7598.30,-609.302
-1008.95,7605.41,-606.682
-996.321,7612.69,-604.161
-983.734,7620.15,-601.739
-971.188,7627.80,-599.417
-958.686,7635.62,-597.192
-946.230,7643.62,-595.066
-933.821,7651.81,-593.038
-921.463,7660.18,-591.106
-909.157,7668.74,-589.271
-896.905,7677.48,-587.531
-884.711,7686.40,-585.887
-872.576,7695.51,-584.338
-860.503,7704.80,-582.884
-848.493,7714.28,-581.523
-836.550,7723.95,-580.256
-824.676,7733.81,-579.081
-812.873,7743.86,-577.999
-801.144,7754.10,-577.008
-789.491,7764.52,-576.108
-777.917,7775.14,-575.299
-766.423,7785.95,-574.580
-755.014,7796.95,-573.950
-743.691,7808.15,-573.410
-732.457,7819.54,-572.957
-721.314,7831.13,-572.592
-710.267,7842.91,-572.314
-699.316,7854.88,-572.122
-688.465,7867.06,-572.016
-677.716,7879.43,-571.996
-667.073,7892.00,-572.059
-656.539,7904.77,-572.207
-646.116,7917.74,-572.437
-635.806,7930.91,-572.750
-625.615,7944.28,-573.145
-615.543,7957.85,-573.620
-605.595,7971.63,-574.176
-595.773,7985.61,-574.812
-586.080,7999.79,-575.526
-576.521,8014.18,-576.318
-567.097,8028.77,-577.187
-557.812,8043.57,-578.132
-548.671,8058.57,-579.153
-539.675,8073.79,-580.249
-530.828,8089.21,-581.418
-522.135,8104.84,-582.661
-513.598,8120.68,-583.975
-505.220,8136.73,-585.360
-497.007,8152.98,-586.815
-488.960,8169.45,-588.339
-481.084,8186.13,-589.932
-473.384,8203.02,-591.591
-465.861,8220.13,-593.316
-458.521,8237.45,-595.106
-451.368,8254.98,-596.960
-444.405,8272.72,-598.876
-437.636,8290.68,-600.854
-431.065,8308.85,-602.891
-424.697,8327.23,-604.988
-418.536,8345.83,-607.142
-412.586,8364.65,-609.353
-406.851,8383.68,-611.619
-401.336,8402.92,-613.938
-396.045,8422.38,-616.309
-390.982,8442.06,-618.732
-386.153,8461.95,-621.203
-381.561,8482.05,-623.722
-377.212,8502.38,-626.287
-373.109,8522.91,-628.897
-369.258,8543.66,-631.549
-365.664,8564.63,-634.242
-362.331,8585.81,-636.975
-359.265,8607.21,-639.746
-356.470,8628.82,-642.552
-353.951,8650.64,-645.391
-351.713,8672.67,-648.263
-349.762,8694.92,-651.165
-348.103,8717.38,-654.094
-346.741,8740.05,-657.049
-345.681,8762.93,-660.028
-344.928,8786.02,-663.028
-344.488,8809.32,-666.047
-344.367,8832.83,-669.083
-344.570,8856.54,-672.133
-345.102,8880.46,-675.195
-345.969,8904.58,-678.267
-347.176,8928.91,-681.345
-348.730,8953.43,-684.428
-350.636,8978.16,-687.512
-352.899,9003.08,-690.595
-355.526,9028.20,-693.674
-358.522,9053.52,-696.746
-361.894,9079.03,-699.809
-365.646,9104.73,-702.858
-369.786,9130.61,-705.892
-374.319,9156.69,-708.907
-379.250,9182.95,-711.899
-384.587,9209.39,-714.866
-390.335,9236.01,-717.804
-396.499,9262.80,-720.710
-403.087,9289.78,-723.579
-410.105,9316.92,-726.410
-417.557,9344.23,-729.197
-425.452,9371.70,-731.937
-433.793,9399.34,-734.627
-442.589,9427.13,-737.262
-451.845,9455.08,-739.839
-461.567,9483.18,-742.354
-471.761,9511.43,-744.802
-482.434,9539.81,-747.179
-493.592,9568.34,-749.481
-505.240,9597.01,-751.704
-517.385,9625.80,-753.843
-530.033,9654.72,-755.894
-543.190,9683.76,-757.853
-556.862,9712.92,-759.714
-571.056,9742.19,-761.473
-585.776,9771.56,-763.125
-601.030,9801.04,-764.665
-616.822,9830.61,-766.089
-633.160,9860.26,-767.391
-650.048,9890.01,-768.567
-667.492,9919.83,-769.611
-685.499,9949.72,-770.517
-704.073,9979.68,-771.282
-723.221,10009.7,-771.898
-742.947,10039.8,-772.362
-763.258,10069.9,-772.667
-784.158,10100.0,-772.808
-805.653,10130.2,-772.780
-827.749,10160.4,-772.575
-850.449,10190.6,-772.190
-873.759,10220.9,-771.618
-897.684,10251.1,-770.853
-922.228,10281.3,-769.890
-947.397,10311.5,-768.722
-973.194,10341.7,-767.343
-999.625,10371.8,-765.748
-1026.69,10401.9,-763.930
-1054.40,10432.0,-761.884
-1082.76,10462.0,-759.602
-1111.76,10491.9,-757.079
-1141.41,10521.7,-754.309
-1171.73,10551.5,-751.285
-1202.70,10581.1,-748.001
-1234.33,10610.7,-744.451
-1266.63,10640.1,-740.628
-1299.60,10669.4,-736.527
-1333.23,10698.5,-732.140
-1367.54,10727.5,-727.462
-1402.53,10756.3,-722.485
-1438.19,10785.0,-717.205
-1474.53,10813.4,-711.613
-1511.55,10841.7,-705.705
-1549.25,10869.8,-699.474
-1587.64,10897.6,-692.913
-1626.70,10925.2,-686.016
-1666.45,10952.5,-678.777
-1706.89,10979.6,-671.189
-1748.01,11006.5,-663.248
-1789.81,11033.0,-654.946
-1832.29,11059.2,-646.277
-1875.46,11085.1,-637.236
-1919.30,11110.7,-627.816
-1963.83,11136.0,-618.012
-2009.03,11160.9,-607.818
-2054.91,11185.5,-597.229
-2101.46,11209.6,-586.238
-2148.69,11233.4,-574.840
-2196.57,11256.8,-563.031
-2245.13,11279.7,-550.804
-2294.34,11302.2,-538.154
-2344.21,11324.3,-525.077
-2394.74,11345.9,-511.567
-2445.91,11367.0,-497.621
-2497.72,11387.6,-483.232
-2550.17,11407.7,-468.398
-2603.25,11427.3,-453.113
-2656.96,11446.4,-437.374
-2711.28,11464.9,-421.177
-2766.22,11482.8,-404.517
-2821.76,11500.2,-387.392
-2877.90,11516.9,-369.799
-2934.63,11533.0,-351.733
-2991.94,11548.6,-333.193
-3049.82,11563.4,-314.175
-3108.26,11577.6,-294.678
-3167.26,11591.2,-274.699
-3226.80,11604.0,-254.237
-3286.87,11616.2,-233.289
-3347.47,11627.6,-211.854
-3408.57,11638.3,-189.932
-3470.18,11648.3,-167.521
-3532.28,11657.5,-144.622
-3594.85,11665.9,-121.233
-3657.88,11673.6,-97.3560
-3721.36,11680.4,-72.9902
-3785.28,11686.4,-48.1369
-3849.62,11691.6,-22.7972
-3914.37,11696.0,3.02751
-3979.52,11699.4,29.3353
-4045.04,11702.1,56.1240
-4110.92,11703.8,83.3910
-4177.16,11704.6,111.133
-4243.72,11704.6,139.348
-4310.60,11703.6,168.031
-4377.78,11701.6,197.178
-4445.23,11698.8,226.786
-4512.95,11695.0,256.848
-4580.92,11690.2,287.360
-4649.11,11684.4,318.316
-4717.51,11677.6,349.710
-4786.10,11669.9,381.536
-4854.85,11661.1,413.787
-4923.76,11651.4,446.454
-4992.80,11640.6,479.532
-5061.96,11628.7,513.011
-5131.20,11615.9,546.883
-5200.51,11601.9,581.139
-5269.87,11587.0,615.770
-5339.26,11570.9,650.765
-5408.65,11553.8,686.116
-5478.04,11535.7,721.810
-5547.38,11516.4,757.837
-5616.67,11496.1,794.187
-5685.87,11474.7,830.846
-5754.98,11452.2,867.802
-5823.96,11428.6,905.044
-5892.80,11404.0,942.559
-5961.46,11378.2,980.332
-6029.94,11351.4,1018.35
-6098.20,11323.5,1056.60
-6166.23,11294.4,1095.07
-6234.00,11264.3,1133.74
-6301.48,11233.1,1172.60
-6368.67,11200.9,1211.63
-6435.53,11167.5,1250.82
-6502.04,11133.1,1290.14
-6568.19,11097.6,1329.60
-6633.94,11061.0,1369.16
-6699.28,11023.4,1408.82
-6764.18,10984.7,1448.55
-6828.63,10945.0,1488.34
-6892.61,10904.3,1528.18
-6956.08,10862.6,1568.04
-7019.03,10819.8,1607.90
-7081.45,10776.0,1647.76
-7143.31,10731.3,1687.59
-7204.59,10685.5,1727.38
-7265.27,10638.8,1767.11
-7325.33,10591.2,1806.76
-7384.75,10542.6,1846.31
-7443.53,10493.0,1885.75
-7501.62,10442.6,1925.06
-7559.03,10391.3,1964.21
-7615.74,10339.1,2003.21
-7671.72,10286.1,2042.02
-7726.96,10232.2,2080.63
-7781.44,10177.5,2119.02
-7835.16,10121.9,2157.18
-7888.09,10065.6,2195.10
-7940.23,10008.6,2232.74
-7991.55,9950.76,2270.11
-8042.05,9892.23,2307.18
-8091.71,9832.99,2343.93
-8140.52,9773.08,2380.36
-8188.48,9712.50,2416.44
-8235.56,9651.28,2452.17
-8281.77,9589.46,2487.53
-8327.08,9527.03,2522.50
-8371.50,9464.04,2557.07
-8415.01,9400.51,2591.23
-8457.61,9336.45,2624.97
-8499.28,9271.90,2658.27
-8540.03,9206.87,2691.12
-8579.85,9141.38,2723.51
-8618.73,9075.48,2755.43
-8656.66,9009.17,2786.88
-8693.65,8942.48,2817.83
-8729.69,8875.44,2848.28
-8764.78,8808.07,2878.22
-8798.91,8740.40,2907.64
-8832.09,8672.44,2936.54
-8864.31,8604.23,2964.90
-8895.57,8535.79,2992.72
-8925.87,8467.14,3019.99
-8955.22,8398.31,3046.71
-8983.60,8329.31,3072.87
-9011.03,8260.18,3098.47
-9037.51,8190.94,3123.49
-9063.04,8121.61,3147.95
-9087.62,8052.22,3171.82
-9111.26,7982.78,3195.11
-9133.96,7913.32,3217.82
-9155.72,7843.87,3239.94
-9176.55,7774.43,3261.48
-9196.45,7705.05,3282.42
-9215.43,7635.73,3302.77
-9233.50,7566.51,3322.53
-9250.66,7497.39,3341.70
-9266.92,7428.40,3360.28
-9282.28,7359.57,3378.26
-9296.76,7290.90,3395.66
-9310.36,7222.43,3412.47
-9323.08,7154.17,3428.69
-9334.95,7086.13,3444.32
-9345.95,7018.35,3459.38
-9356.12,6950.82,3473.85
-9365.45,6883.58,3487.75
-9373.94,6816.64,3501.07
-9381.63,6750.02,3513.83
-9388.50,6683.73,3526.02
-9394.58,6617.79,3537.65
-9399.87,6552.21,3548.72
-9404.38,6487.01,3559.25
-9408.12,6422.21,3569.23
-9411.11,6357.81,3578.67
-9413.36,6293.84,3587.57
-9414.87,6230.30,3595.95
-9415.65,6167.21,3603.80
-9415.73,6104.58,3611.14
-9415.10,6042.42,3617.97
-9413.78,5980.75,3624.30
-9411.79,5919.57,3630.14
-9409.13,5858.90,3635.48
-9405.81,5798.75,3640.35
-9401.86,5739.12,3644.74
-9397.27,5680.03,3648.67
-9392.06,5621.48,3652.14
-9386.24,5563.49,3655.16
-9379.83,5506.06,3657.74
-9372.83,5449.20,3659.88
-9365.26,5392.91,3661.60
-9357.13,5337.21,3662.90
-9348.45,5282.11,3663.80
-9339.23,5227.60,3664.29
-9329.49,5173.69,3664.39
-9319.23,5120.39,3664.10
-9308.47,5067.71,3663.44
-9297.23,5015.64,3662.42
-9285.50,4964.20,3661.03
-9273.30,4913.39,3659.30
-9260.65,4863.20,3657.23
-9247.55,4813.65,3654.82
-9234.02,4764.74,3652.09
-9220.07,4716.47,3649.04
-9205.71,4668.84,3645.69
-9190.94,4621.86,3642.04
-9175.79,4575.52,3638.10
-9160.26,4529.83,3633.88
-9144.36,4484.80,3629.39
-9128.11,4440.41,3624.64
-9111.51,4396.67,3619.62
-9094.57,4353.58,3614.37
-9077.31,4311.15,3608.87
-9059.74,4269.37,3603.14
-9041.86,4228.24,3597.19
-9023.68,4187.75,3591.03
-9005.22,4147.92,3584.65
-8986.49,4108.74,3578.08
-8967.49,4070.20,3571.32
-8948.23,4032.31,3564.38
-8928.73,3995.06,3557.26
-8908.99,3958.46,3549.98
-8889.02,3922.49,3542.53
-8868.83,3887.16,3534.94
-8848.44,3852.47,3527.19
-8827.84,3818.41,3519.31
-8807.05,3784.97,3511.30
-8786.07,3752.16,3503.16
-8764.92,3719.98,3494.91
-8743.60,3688.41,3486.55
-8722.12,3657.46,3478.08
-8700.50,3627.13,3469.52
-8678.72,3597.40,3460.87
-8656.81,3568.27,3452.14
-8634.77,3539.74,3443.32
-8612.62,3511.82,3434.44
-8590.34,3484.48,3425.49
-8567.96,3457.73,3416.48
-8545.48,3431.56,3407.42
-8522.91,3405.97,3398.31
-8500.25,3380.96,3389.16
-8477.51,3356.51,3379.97
-8454.70,3332.63,3370.76
-8431.82,3309.30,3361.51
-8408.89,3286.53,3352.25
-8385.89,3264.31,3342.97
-8362.85,3242.63,3333.68
-8339.77,3221.49,3324.39
-8316.64,3200.88,3315.10
-8293.49,3180.80,3305.80
-8270.31,3161.25,3296.52
-8247.11,3142.21,3287.25
-8223.89,3123.68,3278.00
-8200.66,3105.65,3268.77
-8177.43,3088.13,3259.57
-8154.20,3071.11,3250.40
-8130.97,3054.57,3241.26
-8107.75,3038.51,3232.15
-8084.54,3022.94,3223.09
-8061.34,3007.84,3214.08
-8038.17,2993.20,3205.11
-8015.03,2979.02,3196.19
-7991.91,2965.30,3187.33
-7968.83,2952.04,3178.53
-7945.78,2939.21,3169.79
-7922.78,2926.82,3161.12
-7899.82,2914.87,3152.51
-7876.91,2903.35,3143.98
-7854.05,2892.24,3135.51
-7831.24,2881.56,3127.13
-7808.49,2871.28,3118.82
-7785.80,2861.41,3110.60
-7763.18,2851.94,3102.45
-7740.62,2842.86,3094.40
-7718.14,2834.17,3086.44
-7695.72,2825.86,3078.56
-7673.38,2817.93,3070.78
-7651.12,2810.38,3063.09
-7628.94,2803.19,3055.51
-7606.84,2796.36,3048.02
-7584.82,2789.88,3040.63
-7562.90,2783.76,3033.35
-7541.06,2777.99,3026.17
-7519.31,2772.55,3019.10
-7497.66,2767.45,3012.14
-7476.10,2762.68,3005.28
-7454.64,2758.23,2998.54
-7433.28,2754.10,2991.92
-7412.02,2750.29,2985.40
-7390.86,2746.79,2979.01
-7369.80,2743.59,2972.73
-7348.85,2740.69,2966.57
-7328.01,2738.09,2960.52
-7307.28,2735.77,2954.61
-7286.66,2733.74,2948.81
-7266.15,2732.00,2943.13
-7245.75,2730.52,2937.58
-7225.46,2729.32,2932.16
-7205.29,2728.39,2926.86
-7185.24,2727.71,2921.69
-7165.30,2727.30,2916.65
-7145.48,2727.13,2911.74
-7125.78,2727.22,2906.95
-7106.20,2727.54,2902.30
-7086.74,2728.11,2897.78
-7067.41,2728.91,2893.39
-7048.19,2729.95,2889.13
-7029.10,2731.21,2885.01
-7010.14,2732.69,2881.02
-6991.29,2734.39,2877.17
-6972.58,2736.31,2873.45
-6953.99,2738.44,2869.87
-6935.52,2740.77,2866.42
-6917.19,2743.30,2863.11
-6898.98,2746.03,2859.94
-6880.90,2748.96,2856.91
-6862.95,2752.08,2854.01
-6845.12,2755.38,2851.25
-6827.43,2758.87,2848.63
-6809.87,2762.54,2846.15
-6792.43,2766.38,2843.81
-6775.13,2770.39,2841.61
-6757.96,2774.57,2839.55
-6740.92,2778.92,2837.63
-6724.01,2783.43,2835.85
-6707.23,2788.09,2834.22
-6690.58,2792.91,2832.72
-6674.07,2797.88,2831.37
-6657.69,2803.00,2830.15
-6641.44,2808.26,2829.08
-6625.32,2813.67,2828.15
-6609.33,2819.21,2827.37
-6593.48,2824.88,2826.72
-6577.76,2830.69,2826.22
-6562.17,2836.62,2825.86
-6546.72,2842.68,2825.64
-6531.40,2848.86,2825.57
-6516.21,2855.15,2825.64
-6501.15,2861.57,2825.85
-6486.23,2868.09,2826.21
-6471.44,2874.73,2826.71
-6456.78,2881.47,2827.35
-6442.26,2888.31,2828.14
-6427.87,2895.26,2829.07
-6413.61,2902.30,2830.15
-6399.48,2909.43,2831.36
-6385.49,2916.66,2832.72
-6371.63,2923.98,2834.23
-6357.90,2931.38,2835.88
-6344.30,2938.87,2837.67
-6330.84,2946.44,2839.61
-6317.51,2954.08,2841.69
-6304.31,2961.80,2843.91
-6291.24,2969.59,2846.28
-6278.30,2977.45,2848.79
-6265.50,2985.38,2851.45
-6252.82,2993.37,2854.25
-6240.28,3001.43,2857.19
-6227.87,3009.54,2860.28
-6215.60,3017.71,2863.51
-6203.45,3025.93,2866.88
-6191.43,3034.21,2870.40
-6179.55,3042.53,2874.06
-6167.79,3050.90,2877.87
-6156.17,3059.31,2881.81
-6144.67,3067.77,2885.91
-6133.31,3076.26,2890.14
-6122.08,3084.79,2894.52
-6110.97,3093.35,2899.04
-6100.00,3101.94,2903.70
-6089.16,3110.56,2908.51
-6078.44,3119.21,2913.46
-6067.86,3127.88,2918.55
-6057.40,3136.58,2923.79
-6047.07,3145.29,2929.17
-6036.88,3154.01,2934.68
-6026.81,3162.75,2940.35
-6016.87,3171.51,2946.15
-6007.06,3180.27,2952.10
-5997.37,3189.04,2958.18
-5987.82,3197.81,2964.41
-5978.39,3206.58,2970.78
-5969.09,3215.36,2977.29
-5959.92,3224.13,2983.94
-5950.88,3232.89,2990.73
-5941.96,3241.65,2997.67
-5933.18,3250.40,3004.74
-5924.52,3259.13,3011.95
-5915.98,3267.85,3019.30
-5907.58,3276.55,3026.79
-5899.30,3285.23,3034.42
-5891.15,3293.89,3042.19
-5883.13,3302.53,3050.09
-5875.23,3311.14,3058.14
-5867.46,3319.72,3066.32
-5859.81,3328.27,3074.64
-5852.30,3336.78,3083.09
-5844.91,3345.26,3091.68
-5837.64,3353.70,3100.41
-5830.50,3362.10,3109.27
-5823.49,3370.45,3118.27
-5816.61,3378.76,3127.40
-5809.85,3387.02,3136.67
-5803.21,3395.23,3146.06
-5796.70,3403.39,3155.59
-5790.32,3411.49,3165.26
-5784.07,3419.53,3175.05
-5777.94,3427.52,3184.98
-5771.93,3435.44,3195.03
-5766.06,3443.30,3205.22
-5760.30,3451.09,3215.53
-5754.68,3458.81,3225.98
-5749.18,3466.45,3236.54
-5743.80,3474.03,3247.24
-5738.55,3481.52,3258.06
-5733.43,3488.94,3269.01
-5728.43,3496.28,3280.08
-5723.56,3503.53,3291.27
-5718.81,3510.69,3302.59
-5714.19,3517.77,3314.03
-5709.69,3524.76,3325.58
-5705.32,3531.65,3337.26
-5701.08,3538.45,3349.06
-5696.96,3545.15,3360.97
-5692.96,3551.75,3373.00
-5689.10,3558.24,3385.14
-5685.35,3564.63,3397.39
-5681.74,3570.92,3409.76
-5678.24,3577.09,3422.24
-5674.88,3583.15,3434.83
-5671.64,3589.10,3447.53
-5668.52,3594.93,3460.34
-5665.53,3600.64,3473.25
-5662.67,3606.23,3486.26
-5659.93,3611.70,3499.38
-5657.31,3617.04,3512.60
-5654.83,3622.25,3525.92
-5652.46,3627.33,3539.33
-5650.23,3632.28,3552.85
-5648.12,3637.09,3566.46
-5646.13,3641.77,3580.16
-5644.27,3646.30,3593.95
-5642.53,3650.70,3607.83
-5640.93,3654.95,3621.80
-5639.44,3659.05,3635.85
-5638.08,3663.01,3649.99
-5636.85,3666.82,3664.21
-5635.74,3670.47,3678.51
-5634.76,3673.97,3692.89
-5633.90,3677.31,3707.34
-5633.17,3680.49,3721.87
-5632.56,3683.52,3736.47
-5632.08,3686.38,3751.13
-5631.72,3689.07,3765.87
-5631.49,3691.60,3780.67
-5631.38,3693.96,3795.52
-5631.40,3696.15,3810.44
-5631.54,3698.16,3825.42
-5631.81,3700.00,3840.45
-5632.20,3701.67,3855.53
-5632.71,3703.16,3870.66
-5633.35,3704.46,3885.84
-5634.12,3705.59,3901.06
-5635.00,3706.53,3916.33
-5636.01,3707.29,3931.63
-5637.15,3707.86,3946.97
-5638.40,3708.24,3962.34
-5639.78,3708.44,3977.74
-5641.29,3708.44,3993.17
-5642.91,3708.25,4008.62
-5644.66,3707.86,4024.09
-5646.53,3707.28,4039.58
-5648.52,3706.50,4055.09
-5650.64,3705.53,4070.61
-5652.87,3704.35,4086.13
-5655.23,3702.98,4101.66
-5657.71,3701.40,4117.20
-5660.30,3699.62,4132.73
-5663.02,3697.63,4148.25
-5665.86,3695.44,4163.77
-5668.81,3693.04,4179.28
-5671.89,3690.44,4194.77
-5675.08,3687.63,4210.25
-5678.39,3684.61,4225.70
-5681.82,3681.38,4241.13
-5685.36,3677.94,4256.53
-5689.02,3674.29,4271.89
-5692.80,3670.43,4287.22
-5696.69,3666.36,4302.51
-5700.70,3662.07,4317.76
-5704.82,3657.57,4332.96
-5709.05,3652.86,4348.11
-5713.40,3647.93,4363.20
-5717.86,3642.80,4378.24
-5722.43,3637.44,4393.21
-5727.11,3631.88,4408.12
-5731.90,3626.10,4422.96
-5736.80,3620.10,4437.73
-5741.81,3613.90,4452.41
-5746.92,3607.48,4467.02
-5752.15,3600.84,4481.54
-5757.48,3594.00,4495.98
-5762.91,3586.94,4510.31
-5768.45,3579.67,4524.56
-5774.09,3572.18,4538.70
-5779.84,3564.49,4552.74
-5785.68,3556.59,4566.67
-5791.63,3548.47,4580.49
-5797.68,3540.15,4594.19
-5803.82,3531.62,4607.77
-5810.06,3522.89,4621.22
-5816.40,3513.94,4634.55
-5822.83,3504.80,4647.75
-5829.36,3495.45,4660.81
-5835.98,3485.89,4673.73
-5842.69,3476.14,4686.51
-5849.49,3466.19,4699.15
-5856.38,3456.04,4711.63
-5863.36,3445.69,4723.95
-5870.43,3435.15,4736.12
-5877.58,3424.41,4748.13
-5884.81,3413.49,4759.97
-5892.13,3402.37,4771.63
-5899.53,3391.07,4783.13
-5907.00,3379.58,4794.45
-5914.56,3367.91,4805.59
-5922.19,3356.05,4816.54
-5929.90,3344.02,4827.31
-5937.68,3331.81,4837.89
-5945.53,3319.43,4848.27
-5953.45,3306.87,4858.45
-5961.45,3294.14,4868.43
-5969.51,3281.25,4878.21
-5977.63,3268.19,4887.77
-5985.82,3254.97,4897.13
-5994.07,3241.59,4906.27
-6002.39,3228.06,4915.20
-6010.76,3214.37,4923.90
-6019.19,3200.53,4932.38
-6027.67,3186.55,4940.63
-6036.21,3172.42,4948.65
-6044.80,3158.15,4956.44
-6053.43,3143.74,4964.00
-6062.12,3129.19,4971.31
-6070.86,3114.52,4978.39
-6079.63,3099.72,4985.22
-6088.45,3084.79,4991.80
-6097.31,3069.74,4998.14
-6106.21,3054.57,5004.22
-6115.15,3039.29,5010.05
-6124.12,3023.90,5015.63
-6133.12,3008.41,5020.94
-6142.15,2992.81,5026.00
-6151.21,2977.11,5030.80
-6160.30,2961.32,5035.33
-6169.41,2945.43,5039.59
-6178.55,2929.46,5043.59
-6187.70,2913.40,5047.32
-6196.88,2897.27,5050.77
-6206.07,2881.06,5053.95
-6215.27,2864.77,5056.86
-6224.49,2848.42,5059.49
-6233.71,2832.01,5061.85
-6242.95,2815.54,5063.93
-6252.19,2799.01,5065.72
-6261.43,2782.44,5067.24
-6270.67,2765.82,5068.47
-6279.92,2749.15,5069.43
-6289.16,2732.45,5070.09
-6298.40,2715.71,5070.48
-6307.63,2698.95,5070.58
-6316.85,2682.16,5070.39
-6326.05,2665.35,5069.92
-6335.25,2648.53,5069.17
-6344.43,2631.69,5068.12
-6353.59,2614.85,5066.79
-6362.74,2598.00,5065.18
-6371.86,2581.16,5063.27
-6380.95,2564.32,5061.09
-6390.03,2547.49,5058.61
-6399.07,2530.68,5055.85
-6408.08,2513.89,5052.80
-6417.06,2497.12,5049.47
-6426.01,2480.38,5045.85
-6434.92,2463.67,5041.96
-6443.79,2447.00,5037.77
-6452.63,2430.37,5033.31
-6461.42,2413.79,5028.56
-6470.16,2397.26,5023.53
-6478.86,2380.78,5018.23
-6487.51,2364.37,5012.65
-6496.12,2348.01,5006.79
-6504.67,2331.73,5000.65
-6513.16,2315.51,4994.24
-6521.60,2299.37,4987.56
-6529.99,2283.32,4980.61
-6538.31,2267.34,4973.39
-6546.57,2251.46,4965.91
-6554.78,2235.67,4958.15
-6562.91,2219.98,4950.14
-6570.98,2204.38,4941.86
-6578.99,2188.90,4933.33
-6586.92,2173.52,4924.54
-6594.78,2158.26,4915.50
-6602.57,2143.11,4906.20
-6610.29,2128.08,4896.65
-6617.93,2113.18,4886.86
-6625.49,2098.41,4876.82
-6632.97,2083.77,4866.55
-6640.38,2069.26,4856.03
-6647.70,2054.90,4845.28
-6654.94,2040.68,4834.29
-6662.10,2026.60,4823.08
-6669.17,2012.68,4811.64
-6676.16,1998.91,4799.97
-6683.06,1985.29,4788.08
-6689.87,1971.84,4775.98
-6696.58,1958.55,4763.66
-6703.21,1945.43,4751.13
-6709.75,1932.47,4738.40
-6716.19,1919.69,4725.46
-6722.54,1907.09,4712.31
-6728.80,1894.67,4698.98
-6734.96,1882.42,4685.45
-6741.02,1870.37,4671.72
-6746.99,1858.50,4657.82
-6752.86,1846.81,4643.73
-6758.63,1835.33,4629.46
-6764.30,1824.04,4615.02
-6769.87,1812.94,4600.41
-6775.34,1802.05,4585.63
-6780.71,1791.36,4570.68
-6785.98,1780.87,4555.58
-6791.15,1770.59,4540.33
-6796.21,1760.52,4524.92
-6801.18,1750.66,4509.36
-6806.04,1741.02,4493.66
-6810.80,1731.58,4477.83
-6815.45,1722.37,4461.85
-6820.01,1713.38,4445.75
-6824.46,1704.60,4429.52
-6828.80,1696.05,4413.17
-6833.05,1687.72,4396.70
-6837.19,1679.62,4380.12
-6841.23,1671.74,4363.42
-6845.16,1664.10,4346.62
-6849.00,1656.68,4329.72
-6852.73,1649.49,4312.72
-6856.36,1642.53,4295.63
-6859.88,1635.81,4278.44
-6863.31,1629.31,4261.18
-6866.64,1623.06,4243.83
-6869.87,1617.04,4226.40
-6872.99,1611.25,4208.91
-6876.02,1605.70,4191.34
-6878.95,1600.39,4173.71
-6881.78,1595.32,4156.02
-6884.52,1590.48,4138.28
-6887.16,1585.89,4120.48
-6889.70,1581.53,4102.63
-6892.16,1577.42,4084.74
-6894.51,1573.54,4066.81
-6896.78,1569.90,4048.84
-6898.95,1566.50,4030.85
-6901.03,1563.35,4012.82
-6903.03,1560.43,3994.77
-6904.93,1557.75,3976.70
-6906.75,1555.31,3958.61
-6908.48,1553.11,3940.51
-6910.13,1551.15,3922.40
-6911.69,1549.43,3904.28
-6913.18,1547.95,3886.17
-6914.58,1546.71,3868.05
-6915.90,1545.70,3849.94
-6917.14,1544.93,3831.84
-6918.31,1544.40,3813.75
-6919.40,1544.10,3795.68
-6920.42,1544.03,3777.63
-6921.37,1544.21,3759.60
-6922.25,1544.61,3741.60
-6923.06,1545.25,3723.62
-6923.80,1546.11,3705.68
-6924.48,1547.21,3687.77
-6925.09,1548.54,3669.91
-6925.64,1550.09,3652.08
-6926.13,1551.88,3634.30
-6926.56,1553.89,3616.57
-6926.94,1556.12,3598.89
-6927.26,1558.58,3581.26
-6927.53,1561.26,3563.68
-6927.75,1564.16,3546.17
-6927.92,1567.28,3528.72
-6928.04,1570.62,3511.33
-6928.12,1574.18,3494.01
-6928.15,1577.95,3476.76
-6928.15,1581.93,3459.58
-6928.10,1586.13,3442.48
-6928.02,1590.54,3425.45
-6927.90,1595.16,3408.50
-6927.75,1599.99,3391.63
-6927.57,1605.02,3374.85
-6927.36,1610.26,3358.15
-6927.13,1615.70,3341.53
-6926.87,1621.34,3325.01
-6926.59,1627.18,3308.57
-6926.29,1633.22,3292.23
-6925.97,1639.46,3275.99
-6925.63,1645.89,3259.84
-6925.28,1652.51,3243.79
-6924.93,1659.32,3227.84
-6924.56,1666.32,3211.98
-6924.19,1673.51,3196.24
-6923.81,1680.88,3180.59
-6923.43,1688.44,3165.05
-6923.05,1696.18,3149.62
-6922.67,1704.10,3134.30
-6922.30,1712.20,3119.08
-6921.93,1720.47,3103.98
-6921.58,1728.92,3088.98
-6921.23,1737.53,3074.10
-6920.90,1746.32,3059.33
-6920.59,1755.28,3044.68
-6920.30,1764.40,3030.14
-6920.02,1773.69,3015.71
-6919.77,1783.14,3001.41
-6919.55,1792.75,2987.22
-6919.35,1802.52,2973.15
-6919.19,1812.45,2959.19
-6919.06,1822.53,2945.36
-6918.96,1832.76,2931.64
-6918.90,1843.15,2918.05
-6918.88,1853.68,2904.57
-6918.90,1864.36,2891.22
-6918.97,1875.19,2877.98
-6919.08,1886.16,2864.87
-6919.25,1897.27,2851.88
-6919.46,1908.52,2839.01
-6919.73,1919.91,2826.26
-6920.06,1931.43,2813.63
-6920.44,1943.09,2801.12
-6920.89,1954.87,2788.74
-6921.40,1966.79,2776.47
-6921.97,1978.84,2764.33
-6922.61,1991.01,2752.31
-6923.33,2003.31,2740.41
-6924.12,2015.73,2728.63
-6924.98,2028.27,2716.97
-6925.92,2040.92,2705.43
-6926.94,2053.70,2694.01
-6928.04,2066.59,2682.71
-6929.23,2079.59,2671.52
-6930.51,2092.70,2660.46
-6931.87,2105.93,2649.51
-6933.33,2119.26,2638.68
-6934.88,2132.69,2627.97
-6936.53,2146.23,2617.37
-6938.28,2159.87,2606.89
-6940.13,2173.62,2596.52
-6942.09,2187.46,2586.27
-6944.15,2201.40,2576.13
-6946.32,2215.43,2566.10
-6948.60,2229.55,2556.19
-6950.99,2243.77,2546.38
-6953.50,2258.07,2536.68
-6956.13,2272.47,2527.10
-6958.88,2286.95,2517.62
-6961.75,2301.51,2508.25
-6964.75,2316.16,2498.98
-6967.88,2330.88,2489.82
-6971.14,2345.69,2480.76
-6974.53,2360.57,2471.81
-6978.05,2375.53,2462.95
-6981.72,2390.56,2454.20
-6985.52,2405.66,2445.55
-6989.47,2420.84,2436.99
-6993.56,2436.08,2428.54
-6997.80,2451.38,2420.17
-7002.19,2466.76,2411.91
-7006.74,2482.19,2403.73
-7011.44,2497.69,2395.65
-7016.29,2513.24,2387.66
-7021.31,2528.85,2379.76
-7026.49,2544.52,2371.94
-7031.83,2560.24,2364.22
-7037.35,2576.01,2356.57
-7043.03,2591.84,2349.02
-7048.89,2607.71,2341.54
-7054.92,2623.62,2334.14
-7061.13,2639.58,2326.83
-7067.52,2655.59,2319.59
-7074.10,2671.63,2312.43
-7080.86,2687.71,2305.34
-7087.81,2703.83,2298.32
-7094.95,2719.98,2291.38
-7102.28,2736.17,2284.51
-7109.81,2752.39,2277.70
-7117.54,2768.63,2270.96
-7125.48,2784.90,2264.28
-7133.61,2801.20,2257.67
-7141.96,2817.51,2251.12
-7150.51,2833.85,2244.63
-7159.28,2850.20,2238.19
-7168.26,2866.57,2231.81
-7177.47,2882.96,2225.49
-7186.89,2899.35,2219.22
-7196.54,2915.76,2212.99
-7206.41,2932.16,2206.82
-7216.51,2948.58,2200.69
-7226.85,2964.99,2194.60
-7237.42,2981.41,2188.56
-7248.23,2997.82,2182.55
-7259.28,3014.22,2176.59
-7270.58,3030.62,2170.66
-7282.12,3047.00,2164.76
-7293.91,3063.37,2158.90
-7305.95,3079.72,2153.06
-7318.25,3096.06,2147.26
-7330.81,3112.37,2141.47
-7343.63,3128.65,2135.71
-7356.72,3144.91,2129.97
-7370.07,3161.14,2124.25
-7383.69,3177.33,2118.54
-7397.58,3193.48,2112.85
-7411.76,3209.59,2107.17
-7426.21,3225.66,2101.49
-7440.94,3241.68,2095.83
-7455.96,3257.65,2090.16
-7471.27,3273.57,2084.50
-7486.87,3289.42,2078.83
-7502.76,3305.22,2073.16
-7518.95,3320.95,2067.49
-7535.44,3336.61,2061.80
-7552.24,3352.20,2056.10
-7569.34,3367.70,2050.39
-7586.75,3383.13,2044.66
-7604.47,3398.47,2038.91
-7622.51,3413.73,2033.13
-7640.87,3428.88,2027.33
-7659.54,3443.94,2021.50
-7678.55,3458.90,2015.64
-7697.87,3473.74,2009.74
-7717.53,3488.48,2003.80
-7737.53,3503.10,1997.82
-7757.85,3517.59,1991.80
-7778.52,3531.96,1985.73
-7799.53,3546.19,1979.61
-7820.88,3560.28,1973.44
-7842.58,3574.24,1967.21
-7864.62,3588.04,1960.91
-7887.02,3601.69,1954.56
-7909.78,3615.17,1948.14
-7932.89,3628.49,1941.64
-7956.36,3641.64,1935.08
-7980.20,3654.61,1928.43
-8004.39,3667.39,1921.71
-8028.96,3679.98,1914.90
-8053.89,3692.37,1908.00
-8079.20,3704.56,1901.01
-8104.88,3716.53,1893.93
-8130.93,3728.29,1886.75
-8157.37,3739.82,1879.46
-8184.18,3751.12,1872.07
-8211.37,3762.17,1864.57
-8238.95,3772.98,1856.96
-8266.91,3783.53,1849.22
-8295.25,3793.82,1841.37
-8323.99,3803.84,1833.39
-8353.11,3813.58,1825.29
-8382.62,3823.02,1817.05
-8412.52,3832.17,1808.67
-8442.81,3841.02,1800.15
-8473.50,3849.55,1791.49
-8504.58,3857.76,1782.68
-8536.05,3865.64,1773.72
-8567.92,3873.17,1764.60
-8600.18,3880.35,1755.32
-8632.83,3887.18,1745.88
-8665.88,3893.63,1736.26
-8699.31,3899.71,1726.48
-8733.15,3905.39,1716.52
-8767.37,3910.67,1706.38
-8801.98,3915.55,1696.05
-8836.99,3920.00,1685.54
-8872.38,3924.02,1674.84
-8908.15,3927.61,1663.93
-8944.32,3930.73,1652.83
-8980.86,3933.40,1641.53
-9017.78,3935.59,1630.02
-9055.08,3937.29,1618.30
-9092.76,3938.50,1606.36
-9130.80,3939.20,1594.20
-9169.22,3939.38,1581.82
-9207.99,3939.03,1569.22
-9247.13,3938.13,1556.39
-9286.62,3936.68,1543.32
-9326.47,3934.66,1530.02
-9366.66,3932.06,1516.48
-9407.19,3928.88,1502.69
-9448.06,3925.08,1488.66
-9489.25,3920.68,1474.38
-9530.77,3915.64,1459.85
-9572.61,3909.96,1445.06
-9614.75,3903.63,1430.02
-9657.20,3896.64,1414.72
-9699.94,3888.97,1399.15
-9742.97,3880.61,1383.32
-9786.28,3871.54,1367.22
-9829.85,3861.77,1350.85
-9873.69,3851.26,1334.21
-9917.78,3840.02,1317.30
-9962.10,3828.02,1300.11
-10006.7,3815.26,1282.65
-10051.4,3801.72,1264.91
-10096.4,3787.40,1246.89
-10141.6,3772.27,1228.59
-10187.0,3756.34,1210.01
-10232.5,3739.58,1191.15
-10278.2,3721.98,1172.01
-10324.1,3703.54,1152.58
-10370.1,3684.24,1132.88
-10416.2,3664.07,1112.89
-10462.4,3643.02,1092.62
-10508.7,3621.08,1072.07
-10555.0,3598.24,1051.25
-10601.5,3574.48,1030.14
-10647.9,3549.81,1008.76
-10694.4,3524.21,987.108
-10741.0,3497.66,965.180
-10787.5,3470.17,942.982
-10833.9,3441.72,920.515
-10880.4,3412.31,897.784
-10926.8,3381.92,874.791
-10973.0,3350.54,851.539
-11019.2,3318.19,828.032
-11065.3,3284.83,804.274
-11111.3,3250.48,780.269
-11157.1,3215.11,756.021
-11202.7,3178.74,731.535
-11248.1,3141.35,706.817
-11293.3,3102.93,681.872
-11338.2,3063.49,656.705
-11382.9,3023.03,631.322
-11427.3,2981.53,605.730
-11471.4,2938.99,579.934
-11515.2,2895.43,553.943
-11558.7,2850.82,527.762
-11601.7,2805.18,501.400
-11644.4,2758.51,474.864
-11686.7,2710.80,448.161
-11728.5,2662.05,421.301
-11769.8,2612.28,394.292
-11810.7,2561.47,367.141
-11851.1,2509.64,339.859
-11890.9,2456.79,312.455
-11930.2,2402.92,284.938
-11968.9,2348.05,257.318
-12007.0,2292.17,229.605
-12044.5,2235.29,201.809
-12081.4,2177.42,173.940
-12117.6,2118.57,146.010
-12153.1,2058.76,118.029
-12187.9,1997.97,90.0077
-12221.9,1936.24,61.9580
-12255.2,1873.57,33.8911
-12287.8,1809.97,5.81860
-12319.5,1745.46,-22.2479
-12350.4,1680.05,-50.2966
-12380.5,1613.75,-78.3153
-12409.7,1546.58,-106.292
-12438.1,1478.55,-134.215
-12465.5,1409.68,-162.071
-12492.1,1339.99,-189.849
-12517.7,1269.50,-217.535
-12542.3,1198.22,-245.117
-12566.0,1126.17,-272.584
-12588.7,1053.37,-299.921
-12610.3,979.850,-327.117
-12631.0,905.622,-354.160
-12650.6,830.710,-381.035
-12669.2,755.135,-407.732
-12686.7,678.922,-434.238
-12703.1,602.094,-460.540
-12718.4,524.673,-486.625
-12732.6,446.686,-512.482
-12745.7,368.156,-538.099
-12757.6,289.110,-563.463
-12768.4,209.573,-588.563
-12778.1,129.572,-613.386
-12786.6,49.1344,-637.921
-12793.9,-31.7135,-662.157
-12800.0,-112.944,-686.082
-12805.0,-194.528,-709.685
-12808.7,-276.438,-732.956
-12811.3,-358.645,-755.883
-12812.7,-441.120,-778.456
-12812.8,-523.834,-800.666
-12811.7,-606.757,-822.501
-12809.4,-689.860,-843.952
-12805.9,-773.112,-865.011
-12801.2,-856.484,-885.666
-12795.3,-939.945,-905.911
-12788.1,-1023.46,-925.736
-12779.8,-1107.01,-945.133
-12770.2,-1190.56,-964.093
-12759.4,-1274.07,-982.610
-12747.4,-1357.52,-1000.68
-12734.2,-1440.88,-1018.28
-12719.7,-1524.11,-1035.43
-12704.1,-1607.19,-1052.10
-12687.4,-1690.09,-1068.29
-12669.4,-1772.77,-1084.01
-12650.2,-1855.20,-1099.23
-12629.9,-1937.36,-1113.97
-12608.5,-2019.22,-1128.20
-12585.9,-2100.74,-1141.94
-12562.2,-2181.90,-1155.17
-12537.3,-2262.67,-1167.89
-12511.4,-2343.02,-1180.10
-12484.3,-2422.92,-1191.80
-12456.2,-2502.35,-1202.98
-12427.0,-2581.27,-1213.64
-12396.8,-2659.66,-1223.79
-12365.5,-2737.50,-1233.41
-12333.2,-2814.75,-1242.52
-12299.9,-2891.40,-1251.10
-12265.7,-2967.41,-1259.16
-12230.4,-3042.76,-1266.70
-12194.3,-3117.43,-1273.73
-12157.2,-3191.40,-1280.23
-12119.1,-3264.63,-1286.22
-12080.2,-3337.11,-1291.69
-12040.5,-3408.83,-1296.64
-11999.9,-3479.74,-1301.09
-11958.4,-3549.84,-1305.03
-11916.2,-3619.11,-1308.47
-11873.2,-3687.52,-1311.40
-11829.4,-3755.06,-1313.84
-11784.9,-3821.71,-1315.78
-11739.6,-3887.46,-1317.24
-11693.7,-3952.27,-1318.22
-11647.1,-4016.15,-1318.71
-11599.9,-4079.08,-1318.73
-11552.1,-4141.03,-1318.29
-11503.7,-4202.00,-1317.38
-11454.7,-4261.98,-1316.02
-11405.1,-4320.95,-1314.20
-11355.0,-4378.90,-1311.95
-11304.5,-4435.82,-1309.26
-11253.5,-4491.70,-1306.13
-11202.0,-4546.53,-1302.59
-11150.1,-4600.30,-1298.63
-11097.8,-4653.01,-1294.27
-11045.1,-4704.65,-1289.50
-10992.1,-4755.22,-1284.35
-10938.8,-4804.70,-1278.81
-10885.1,-4853.09,-1272.89
-10831.2,-4900.39,-1266.60
-10777.1,-4946.60,-1259.96
-10722.7,-4991.71,-1252.97
-10668.1,-5035.72,-1245.63
-10613.4,-5078.64,-1237.95
-10558.4,-5120.45,-1229.96
-10503.4,-5161.16,-1221.64
-10448.2,-5200.78,-1213.02
-10393.0,-5239.30,-1204.10
-10337.7,-5276.73,-1194.88
-10282.3,-5313.06,-1185.38
-10227.0,-5348.31,-1175.61
-10171.6,-5382.47,-1165.58
-10116.3,-5415.55,-1155.29
-10061.0,-5447.56,-1144.75
-10005.7,-5478.51,-1133.97
-9950.59,-5508.39,-1122.96
-9895.55,-5537.21,-1111.73
-9840.63,-5564.99,-1100.29
-9785.85,-5591.74,-1088.64
-9731.22,-5617.45,-1076.80
-9676.78,-5642.14,-1064.76
-9622.53,-5665.82,-1052.55
-9568.49,-5688.49,-1040.16
-9514.68,-5710.17,-1027.61
-9461.12,-5730.87,-1014.90
-9407.82,-5750.60,-1002.04
-9354.79,-5769.38,-989.046
-9302.05,-5787.20,-975.914
-9249.62,-5804.08,-962.655
-9197.50,-5820.04,-949.276
-9145.72,-5835.09,-935.785
-9094.28,-5849.24,-922.189
-9043.19,-5862.51,-908.494
-8992.48,-5874.90,-894.706
-8942.14,-5886.43,-880.833
-8892.19,-5897.12,-866.880
-8842.65,-5906.97,-852.854
-8793.52,-5916.00,-838.761
-8744.80,-5924.23,-824.606
-8696.52,-5931.67,-810.395
-8648.68,-5938.33,-796.134
-8601.28,-5944.23,-781.828
-8554.33,-5949.38,-767.482
-8507.85,-5953.79,-753.101
-8461.84,-5957.49,-738.690
-8416.30,-5960.48,-724.254
-8371.24,-5962.78,-709.798
-8326.67,-5964.41,-695.325
-8282.59,-5965.37,-680.840
-8239.01,-5965.69,-666.346
-8195.93,-5965.37,-651.849
-8153.35,-5964.44,-637.351
-8111.28,-5962.90,-622.856
-8069.73,-5960.77,-608.367
-8028.69,-5958.07,-593.889
-7988.17,-5954.80,-579.423
-7948.16,-5950.99,-564.973
-7908.69,-5946.64,-550.542
-7869.73,-5941.77,-536.133
-7831.30,-5936.40,-521.747
-7793.40,-5930.53,-507.388
-7756.02,-5924.19,-493.057
-7719.18,-5917.37,-478.757
-7682.86,-5910.11,-464.490
-7647.07,-5902.40,-450.258
-7611.81,-5894.27,-436.062
-7577.07,-5885.72,-421.905
-7542.86,-5876.77,-407.787
-7509.18,-5867.42,-393.710
-7476.02,-5857.70,-379.675
-7443.39,-5847.62,-365.685
-7411.28,-5837.18,-351.738
-7379.68,-5826.40,-337.837
-7348.61,-5815.28,-323.983
-7318.05,-5803.85,-310.176
-7288.01,-5792.11,-296.417
-7258.47,-5780.06,-282.706
-7229.45,-5767.74,-269.045
-7200.93,-5755.13,-255.433
-7172.91,-5742.26,-241.870
-7145.40,-5729.13,-228.358
-7118.38,-5715.75,-214.896
-7091.86,-5702.14,-201.484
-7065.82,-5688.30,-188.122
-7040.27,-5674.25,-174.810
-7015.21,-5659.98,-161.549
-6990.63,-5645.51,-148.337
-6966.52,-5630.86,-135.175
-6942.88,-5616.02,-122.063
-6919.71,-5601.00,-108.999
-6897.01,-5585.83,-95.9841
-6874.77,-5570.49,-83.0171
-6852.98,-5555.00,-70.0976
-6831.65,-5539.37,-57.2249
-6810.76,-5523.61,-44.3986
-6790.32,-5507.72,-31.6179
-6770.32,-5491.71,-18.8821
-6750.75,-5475.59,-6.19038
-6731.62,-5459.36,6.45801
-6712.91,-5443.04,19.0639
-6694.63,-5426.62,31.6283
-6676.76,-5410.11,44.1519
-6659.31,-5393.53,56.6358
-6642.26,-5376.87,69.0810
-6625.62,-5360.15,81.4885
-6609.38,-5343.36,93.8592
-6593.54,-5326.51,106.194
-6578.09,-5309.62,118.495
-6563.03,-5292.68,130.762
-6548.35,-5275.70,142.997
-6534.05,-5258.68,155.201
-6520.12,-5241.64,167.375
-6506.56,-5224.57,179.520
-6493.37,-5207.48,191.638
-6480.54,-5190.38,203.729
-6468.07,-5173.26,215.795
-6455.94,-5156.14,227.838
-6444.17,-5139.02,239.858
-6432.74,-5121.89,251.857
-6421.65,-5104.78,263.836
-6410.90,-5087.67,275.797
-6400.48,-5070.58,287.740
-6390.38,-5053.51,299.668
-6380.61,-5036.45,311.581
-6371.15,-5019.43,323.481
-6362.01,-5002.43,335.369
-6353.18,-4985.46,347.247
-6344.66,-4968.53,359.116
-6336.44,-4951.64,370.977
-6328.52,-4934.79,382.832
-6320.89,-4917.98,394.682
-6313.56,-4901.22,406.528
-6306.51,-4884.52,418.373
-6299.74,-4867.86,430.217
-6293.25,-4851.27,442.062
-6287.04,-4834.73,453.909
-6281.10,-4818.25,465.759
-6275.43,-4801.84,477.615
-6270.02,-4785.50,489.477
-6264.87,-4769.23,501.347
-6259.98,-4753.03,513.226
-6255.34,-4736.90,525.116
-6250.95,-4720.85,537.018
-6246.81,-4704.88,548.933
-6242.91,-4688.99,560.863
-6239.25,-4673.19,572.810
-6235.83,-4657.47,584.774
-6232.63,-4641.84,596.757
-6229.67,-4626.30,608.761
-6226.93,-4610.85,620.787
-6224.42,-4595.50,632.836
-6222.12,-4580.24,644.909
-6220.04,-4565.09,657.009
-6218.17,-4550.03,669.135
-6216.51,-4535.07,681.291
-6215.05,-4520.22,693.477
-6213.80,-4505.47,705.694
-6212.75,-4490.83,717.943
-6211.89,-4476.30,730.227
-6211.23,-4461.88,742.546
-6210.76,-4447.57,754.902
-6210.48,-4433.38,767.296
-6210.37,-4419.30,779.730
-6210.46,-4405.34,792.203
-6210.71,-4391.51,804.719
-6211.15,-4377.79,817.278
-6211.75,-4364.19,829.881
-6212.53,-4350.72,842.530
-6213.47,-4337.38,855.225
-6214.58,-4324.16,867.969
-6215.85,-4311.07,880.762
-6217.27,-4298.11,893.605
-6218.85,-4285.29,906.500
-6220.58,-4272.60,919.448
-6222.46,-4260.04,932.450
-6224.49,-4247.62,945.506
-6226.66,-4235.34,958.619
-6228.97,-4223.20,971.789
-6231.42,-4211.20,985.017
-6234.01,-4199.34,998.305
-6236.72,-4187.63,1011.65
-6239.57,-4176.06,1025.06
-6242.55,-4164.64,1038.53
-6245.65,-4153.37,1052.07
-6248.87,-4142.25,1065.67
-6252.21,-4131.29,1079.33
-6255.66,-4120.47,1093.07
-6259.23,-4109.81,1106.86
-6262.91,-4099.31,1120.73
-6266.70,-4088.97,1134.67
-6270.59,-4078.78,1148.67
-6274.59,-4068.76,1162.75
-6278.68,-4058.90,1176.89
-6282.88,-4049.20,1191.11
-6287.16,-4039.67,1205.40
-6291.54,-4030.31,1219.77
-6296.01,-4021.12,1234.21
-6300.57,-4012.09,1248.72
-6305.20,-4003.24,1263.31
-6309.92,-3994.56,1277.97
-6314.72,-3986.06,1292.71
-6319.59,-3977.73,1307.53
-6324.54,-3969.58,1322.43
-6329.55,-3961.61,1337.40
-6334.64,-3953.82,1352.45
-6339.78,-3946.21,1367.58
-6344.99,-3938.79,1382.79
-6350.26,-3931.56,1398.08
-6355.58,-3924.51,1413.44
-6360.96,-3917.65,1428.89
-6366.39,-3910.98,1444.42
-6371.86,-3904.50,1460.02
-6377.38,-3898.22,1475.71
-6382.94,-3892.13,1491.48
-6388.55,-3886.24,1507.32
-6394.18,-3880.55,1523.25
-6399.86,-3875.06,1539.25
-6405.56,-3869.77,1555.34
-6411.29,-3864.68,1571.51
-6417.04,-3859.80,1587.75
-6422.82,-3855.12,1604.07
-6428.61,-3850.65,1620.48
-6434.43,-3846.40,1636.96
-6440.25,-3842.35,1653.51
-6446.09,-3838.51,1670.15
-6451.93,-3834.89,1686.86
-6457.78,-3831.49,1703.65
-6463.63,-3828.30,1720.52
-6469.47,-3825.33,1737.45
-6475.31,-3822.58,1754.47
-6481.15,-3820.05,1771.55
-6486.97,-3817.74,1788.71
-6492.78,-3815.66,1805.94
-6498.58,-3813.81,1823.24
-6504.35,-3812.18,1840.61
-6510.10,-3810.78,1858.05
-6515.83,-3809.62,1875.56
-6521.52,-3808.68,1893.13
-6527.19,-3807.98,1910.76
-6532.82,-3807.51,1928.46
-6538.41,-3807.27,1946.22
-6543.96,-3807.28,1964.04
-6549.46,-3807.52,1981.92
-6554.92,-3808.00,1999.85
-6560.33,-3808.72,2017.85
-6565.68,-3809.69,2035.89
-6570.97,-3810.89,2053.99
-6576.21,-3812.34,2072.13
-6581.38,-3814.04,2090.32
-6586.49,-3815.98,2108.56
-6591.53,-3818.17,2126.85
-6596.49,-3820.61,2145.17
-6601.38,-3823.29,2163.54
-6606.19,-3826.23,2181.94
-6610.92,-3829.42,2200.37
-6615.56,-3832.86,2218.84
-6620.12,-3836.55,2237.33
-6624.59,-3840.50,2255.86
-6628.96,-3844.70,2274.41
-6633.23,-3849.15,2292.98
-6637.40,-3853.86,2311.56
-6641.47,-3858.82,2330.17
-6645.44,-3864.04,2348.79
-6649.29,-3869.52,2367.41
-6653.03,-3875.26,2386.05
-6656.66,-3881.25,2404.69
-6660.17,-3887.50,2423.32
-6663.55,-3894.01,2441.96
-6666.82,-3900.77,2460.59
-6669.95,-3907.79,2479.21
-6672.96,-3915.08,2497.82
-6675.83,-3922.62,2516.41
-6678.57,-3930.41,2534.99
-6681.17,-3938.47,2553.54
-6683.63,-3946.78,2572.06
-6685.95,-3955.35,2590.55
-6688.12,-3964.18,2609.01
-6690.14,-3973.26,2627.43
-6692.01,-3982.60,2645.80
-6693.73,-3992.19,2664.13
-6695.28,-4002.04,2682.41
-6696.68,-4012.14,2700.64
-6697.92,-4022.50,2718.80
-6699.00,-4033.10,2736.91
-6699.91,-4043.96,2754.95
-6700.65,-4055.07,2772.91
-6701.22,-4066.43,2790.80
-6701.62,-4078.03,2808.62
-6701.84,-4089.88,2826.34
-6701.89,-4101.98,2843.98
-6701.75,-4114.32,2861.53
-6701.44,-4126.90,2878.98
-6700.94,-4139.72,2896.33
-6700.26,-4152.78,2913.57
-6699.39,-4166.08,2930.70
-6698.34,-4179.61,2947.71
-6697.09,-4193.37,2964.61
-6695.65,-4207.37,2981.38
-6694.03,-4221.59,2998.02
-6692.20,-4236.04,3014.53
-6690.18,-4250.72,3030.89
-6687.97,-4265.61,3047.12
-6685.55,-4280.73,3063.20
-6682.94,-4296.06,3079.12
-6680.12,-4311.61,3094.89
-6677.11,-4327.36,3110.50
-6673.89,-4343.33,3125.94
-6670.47,-4359.50,3141.20
-6666.84,-4375.87,3156.30
-6663.01,-4392.45,3171.21
-6658.98,-4409.22,3185.94
-6654.73,-4426.18,3200.47
-6650.29,-4443.33,3214.81
-6645.63,-4460.67,3228.96
-6640.77,-4478.19,3242.90
-6635.70,-4495.89,3256.63
-6630.43,-4513.77,3270.15
-6624.94,-4531.82,3283.45
-6619.25,-4550.03,3296.53
-6613.35,-4568.41,3309.38
-6607.25,-4586.95,3322.00
-6600.94,-4605.65,3334.39
-6594.42,-4624.50,3346.54
-6587.70,-4643.49,3358.44
-6580.77,-4662.63,3370.10
-6573.63,-4681.91,3381.51
-6566.29,-4701.32,3392.66
-6558.75,-4720.87,3403.55
-6551.01,-4740.54,3414.18
-6543.07,-4760.33,3424.54
-6534.92,-4780.23,3434.62
-6526.58,-4800.25,3444.44
-6518.03,-4820.38,3453.97
-6509.30,-4840.61,3463.22
-6500.36,-4860.93,3472.18
-6491.24,-4881.35,3480.86
-6481.92,-4901.85,3489.24
-6472.41,-4922.44,3497.33
-6462.71,-4943.10,3505.11
-6452.83,-4963.84,3512.59
-6442.76,-4984.64,3519.77
-6432.50,-5005.51,3526.64
-6422.07,-5026.43,3533.19
-6411.46,-5047.40,3539.43
-6400.67,-5068.42,3545.36
-6389.71,-5089.47,3550.96
-6378.57,-5110.57,3556.24
-6367.27,-5131.69,3561.20
-6355.80,-5152.83,3565.83
-6344.16,-5174.00,3570.13
-6332.37,-5195.17,3574.10
-6320.41,-5216.36,3577.73
-6308.30,-5237.55,3581.03
-6296.03,-5258.73,3583.99
-6283.62,-5279.90,3586.62
-6271.06,-5301.06,3588.90
-6258.35,-5322.20,3590.84
-6245.50,-5343.31,3592.44
-6232.52,-5364.40,3593.70
-6219.40,-5385.44,3594.61
-6206.15,-5406.44,3595.17
-6192.77,-5427.40,3595.39
-6179.27,-5448.29,3595.26
-6165.65,-5469.13,3594.78
-6151.91,-5489.91,3593.95
-6138.05,-5510.61,3592.77
-6124.09,-5531.24,3591.24
-6110.02,-5551.79,3589.36
-6095.84,-5572.25,3587.14
-6081.57,-5592.62,3584.56
-6067.20,-5612.89,3581.64
-6052.74,-5633.06,3578.36
-6038.19,-5653.11,3574.74
-6023.56,-5673.06,3570.77
-6008.85,-5692.88,3566.45
-5994.07,-5712.58,3561.79
-5979.21,-5732.16,3556.78
-5964.28,-5751.59,3551.43
-5949.30,-5770.89,3545.74
-5934.25,-5790.04,3539.70
-5919.15,-5809.05,3533.32
-5903.99,-5827.89,3526.61
-5888.79,-5846.58,3519.56
-5873.55,-5865.11,3512.17
-5858.27,-5883.46,3504.45
-5842.95,-5901.64,3496.40
-5827.60,-5919.64,3488.02
-5812.23,-5937.46,3479.32
-5796.84,-5955.09,3470.29
-5781.42,-5972.54,3460.94
-5766.00,-5989.78,3451.27
-5750.56,-6006.82,3441.28
-5735.13,-6023.66,3430.98
-5719.69,-6040.29,3420.37
-5704.25,-6056.71,3409.46
-5688.82,-6072.91,3398.23
-5673.41,-6088.89,3386.71
-5658.01,-6104.65,3374.89
-5642.63,-6120.18,3362.77
-5627.28,-6135.47,3350.37
-5611.95,-6150.53,3337.67
-5596.66,-6165.36,3324.70
-5581.41,-6179.94,3311.44
-5566.20,-6194.28,3297.91
-5551.03,-6208.37,3284.10
-5535.91,-6222.20,3270.03
-5520.85,-6235.79,3255.69
-5505.84,-6249.12,3241.09
-5490.90,-6262.19,3226.24
-5476.02,-6274.99,3211.14
-5461.21,-6287.54,3195.79
-5446.47,-6299.81,3180.20
-5431.82,-6311.82,3164.37
-5417.24,-6323.56,3148.30
-5402.75,-6335.02,3132.01
-5388.34,-6346.21,3115.50
-5374.03,-6357.12,3098.76
-5359.82,-6367.76,3081.81
-5345.70,-6378.11,3064.65
-5331.69,-6388.18,3047.29
-5317.78,-6397.97,3029.73
-5303.99,-6407.48,3011.97
-5290.31,-6416.70,2994.02
-5276.74,-6425.63,2975.89
-5263.30,-6434.27,2957.58
-5249.98,-6442.63,2939.10
-5236.79,-6450.70,2920.44
-5223.72,-6458.48,2901.62
-5210.79,-6465.97,2882.64
-5198.00,-6473.17,2863.51
-5185.35,-6480.07,2844.23
-5172.84,-6486.69,2824.81
-5160.47,-6493.02,2805.24
-5148.26,-6499.05,2785.55
-5136.19,-6504.80,2765.72
-5124.28,-6510.25,2745.78
-5112.53,-6515.42,2725.71
-5100.93,-6520.30,2705.54
-5089.50,-6524.88,2685.26
-5078.23,-6529.18,2664.87
-5067.12,-6533.19,2644.39
-5056.19,-6536.92,2623.82
-5045.43,-6540.36,2603.16
-5034.84,-6543.52,2582.42
-5024.43,-6546.39,2561.60
-5014.19,-6548.98,2540.71
-5004.14,-6551.30,2519.76
-4994.27,-6553.33,2498.74
-4984.58,-6555.09,2477.67
-4975.08,-6556.57,2456.55
-4965.77,-6557.77,2435.38
-4956.64,-6558.71,2414.17
-4947.71,-6559.38,2392.92
-4938.97,-6559.77,2371.65
-4930.43,-6559.91,2350.34
-4922.08,-6559.78,2329.01
-4913.93,-6559.39,2307.66
-4905.98,-6558.74,2286.30
-4898.23,-6557.83,2264.93
-4890.68,-6556.67,2243.56
-4883.33,-6555.26,2222.18
-4876.19,-6553.60,2200.81
-4869.25,-6551.70,2179.45
-4862.52,-6549.55,2158.10
-4856.00,-6547.17,2136.76
-4849.68,-6544.54,2115.45
-4843.57,-6541.69,2094.16
-4837.68,-6538.60,2072.90
-4831.99,-6535.29,2051.67
-4826.52,-6531.75,2030.48
-4821.26,-6527.99,2009.32
-4816.21,-6524.01,1988.21
-4811.37,-6519.82,1967.15
-4806.75,-6515.42,1946.13
-4802.34,-6510.81,1925.17
-4798.15,-6505.99,1904.27
-4794.17,-6500.98,1883.42
-4790.40,-6495.77,1862.64
-4786.85,-6490.36,1841.92
-4783.52,-6484.77,1821.28
-4780.41,-6478.99,1800.70
-4777.51,-6473.03,1780.20
-4774.82,-6466.89,1759.77
-4772.35,-6460.57,1739.42
-4770.10,-6454.09,1719.16
-4768.06,-6447.43,1698.98
-4766.24,-6440.62,1678.89
-4764.64,-6433.64,1658.88
-4763.25,-6426.51,1638.97
-4762.08,-6419.23,1619.15
-4761.12,-6411.81,1599.42
-4760.37,-6404.23,1579.79
-4759.85,-6396.52,1560.26
-4759.53,-6388.67,1540.83
-4759.43,-6380.70,1521.50
-4759.54,-6372.59,1502.27
-4759.87,-6364.36,1483.15
-4760.41,-6356.01,1464.14
-4761.16,-6347.54,1445.23
-4762.12,-6338.97,1426.43
-4763.29,-6330.28,1407.74
-4764.67,-6321.50,1389.16
-4766.26,-6312.61,1370.69
-4768.06,-6303.62,1352.33
-4770.07,-6294.55,1334.09
-4772.29,-6285.38,1315.96
-4774.72,-6276.14,1297.94
-4777.35,-6266.81,1280.04
-4780.18,-6257.41,1262.26
-4783.22,-6247.93,1244.59
-4786.47,-6238.39,1227.03
-4789.92,-6228.78,1209.59
-4793.57,-6219.11,1192.27
-4797.42,-6209.38,1175.06
-4801.47,-6199.61,1157.97
-4805.72,-6189.78,1140.99
-4810.17,-6179.91,1124.13
-4814.82,-6169.99,1107.39
-4819.67,-6160.04,1090.76
-4824.71,-6150.05,1074.24
-4829.95,-6140.04,1057.84
-4835.38,-6130.00,1041.56
-4841.01,-6119.93,1025.38
-4846.83,-6109.84,1009.32
-4852.84,-6099.74,993.367
-4859.04,-6089.63,977.527
-4865.43,-6079.51,961.797
-4872.01,-6069.38,946.176
-4878.78,-6059.25,930.663
-4885.73,-6049.12,915.257
-4892.87,-6039.00,899.957
-4900.19,-6028.89,884.761
-4907.70,-6018.79,869.669
-4915.39,-6008.70,854.680
-4923.26,-5998.63,839.791
-4931.31,-5988.59,825.002
-4939.55,-5978.57,810.311
-4947.96,-5968.58,795.717
-4956.54,-5958.62,781.219
-4965.31,-5948.69,766.814
-4974.25,-5938.81,752.501
-4983.36,-5928.96,738.278
-4992.65,-5919.16,724.144
-5002.11,-5909.41,710.098
-5011.75,-5899.71,696.136
-5021.55,-5890.06,682.258
-5031.52,-5880.47,668.462
-5041.66,-5870.94,654.745
-5051.97,-5861.47,641.106
-5062.44,-5852.07,627.542
-5073.08,-5842.73,614.053
-5083.88,-5833.47,600.635
-5094.85,-5824.28,587.286
-5105.98,-5815.17,574.005
-5117.27,-5806.14,560.790
-5128.72,-5797.20,547.637
-5140.32,-5788.34,534.545
-5152.09,-5779.57,521.512
-5164.01,-5770.89,508.536
-5176.09,-5762.30,495.613
-5188.32,-5753.81,482.742
-5200.71,-5745.43,469.920
-5213.24,-5737.14,457.145
-5225.93,-5728.96,444.414
-5238.77,-5720.89,431.726
-5251.76,-5712.93,419.076
-5264.90,-5705.08,406.464
-5278.18,-5697.35,393.886
-5291.61,-5689.74,381.340
-5305.18,-5682.25,368.823
-5318.90,-5674.88,356.332
-5332.76,-5667.65,343.865
-5346.76,-5660.54,331.420
-5360.90,-5653.56,318.993
-5375.17,-5646.72,306.581
-5389.59,-5640.01,294.183
-5404.14,-5633.45,281.795
-5418.83,-5627.03,269.414
-5433.65,-5620.75,257.038
-5448.60,-5614.62,244.663
-5463.68,-5608.65,232.287
-5478.89,-5602.82,219.907
-5494.24,-5597.15,207.521
-5509.70,-5591.64,195.124
-5525.30,-5586.30,182.714
-5541.01,-5581.11,170.288
-5556.85,-5576.09,157.844
-5572.82,-5571.24,145.377
-5588.90,-5566.57,132.886
-5605.09,-5562.06,120.366
-5621.41,-5557.74,107.816
-5637.84,-5553.59,95.2311
-5654.38,-5549.63,82.6089
-5671.04,-5545.85,69.9463
-5687.80,-5542.26,57.2399
-5704.68,-5538.86,44.4868
-5721.65,-5535.66,31.6835
-5738.74,-5532.65,18.8271
-5755.92,-5529.84,5.91410
-5773.21,-5527.23,-7.05860
-5790.59,-5524.82,-20.0943
-5808.08,-5522.62,-33.1963
-5825.65,-5520.64,-46.3678
-5843.32,-5518.86,-59.6123
-5861.08,-5517.30,-72.9330
-5878.93,-5515.96,-86.3332
-5896.86,-5514.84,-99.8163
-5914.87,-5513.94,-113.386
-5932.97,-5513.27,-127.045
-5951.14,-5512.83,-140.797
-5969.39,-5512.63,-154.645
-5987.72,-5512.66,-168.594
-6006.11,-5512.92,-182.645
-6024.57,-5513.43,-196.803
-6043.10,-5514.19,-211.072
-6061.68,-5515.19,-225.453
-6080.33,-5516.44,-239.952
-6099.03,-5517.94,-254.571
-6117.79,-5519.70,-269.314
-6136.59,-5521.72,-284.184
-6155.44,-5524.00,-299.185
-6174.33,-5526.55,-314.320
-6193.26,-5529.37,-329.593
-6212.23,-5532.46,-345.007
-6231.22,-5535.82,-360.565
-6250.25,-5539.46,-376.271
-6269.30,-5543.38,-392.128
-6288.36,-5547.58,-408.140
-6307.45,-5552.07,-424.310
-6326.54,-5556.85,-440.641
-6345.64,-5561.92,-457.137
-6364.75,-5567.29,-473.801
-6383.85,-5572.96,-490.636
-6402.94,-5578.93,-507.646
-6422.03,-5585.21,-524.834
-6441.09,-5591.79,-542.203
-6460.14,-5598.69,-559.757
-6479.16,-5605.90,-577.498
-6498.14,-5613.42,-595.429
-6517.09,-5621.27,-613.555
-6535.99,-5629.44,-631.876
-6554.85,-5637.94,-650.398
-6573.65,-5646.77,-669.122
-6592.39,-5655.93,-688.052
-6611.06,-5665.42,-707.191
-6629.66,-5675.25,-726.540
-6648.18,-5685.43,-746.103
-6666.61,-5695.94,-765.883
-6684.95,-5706.81,-785.882
-6703.19,-5718.02,-806.103
-6721.32,-5729.59,-826.548
-6739.34,-5741.51,-847.219
-6757.24,-5753.79,-868.119
-6775.01,-5766.43,-889.249
-6792.64,-5779.43,-910.613
-6810.13,-5792.80,-932.212
-6827.46,-5806.54,-954.047
-6844.64,-5820.64,-976.121
-6861.65,-5835.12,-998.436
-6878.48,-5849.97,-1020.99
-6895.13,-5865.20,-1043.79
-6911.58,-5880.81,-1066.84
-6927.84,-5896.80,-1090.13
-6943.88,-5913.17,-1113.66
-6959.70,-5929.93,-1137.45
-6975.29,-5947.07,-1161.48
-6990.65,-5964.60,-1185.76
-7005.75,-5982.53,-1210.29
-7020.60,-6000.84,-1235.08
-7035.19,-6019.54,-1260.11
-7049.49,-6038.64,-1285.39
-7063.51,-6058.14,-1310.92
-7077.23,-6078.03,-1336.71
-7090.65,-6098.32,-1362.74
-7103.75,-6119.00,-1389.02
-7116.52,-6140.08,-1415.54
-7128.95,-6161.57,-1442.32
-7141.04,-6183.45,-1469.34
-7152.76,-6205.73,-1496.60
-7164.12,-6228.41,-1524.10
-7175.09,-6251.49,-1551.85
-7185.67,-6274.96,-1579.83
-7195.85,-6298.84,-1608.05
-7205.62,-6323.11,-1636.50
-7214.96,-6347.78,-1665.18
-7223.86,-6372.85,-1694.09
-7232.32,-6398.31,-1723.22
-7240.32,-6424.17,-1752.58
-7247.84,-6450.42,-1782.15
-7254.89,-6477.06,-1811.93
-7261.45,-6504.08,-1841.92
-7267.50,-6531.50,-1872.12
-7273.03,-6559.30,-1902.51
-7278.04,-6587.48,-1933.10
-7282.51,-6616.04,-1963.88
-7286.43,-6644.97,-1994.85
-7289.79,-6674.28,-2025.99
-7292.58,-6703.96,-2057.30
-7294.79,-6734.01,-2088.79
-7296.40,-6764.42,-2120.43
-7297.41,-6795.18,-2152.22
-7297.81,-6826.30,-2184.16
-7297.57,-6857.78,-2216.23
-7296.70,-6889.59,-2248.44
-7295.18,-6921.75,-2280.78
-7293.01,-6954.24,-2313.22
-7290.16,-6987.06,-2345.78
-7286.64,-7020.21,-2378.43
-7282.43,-7053.67,-2411.18
-7277.52,-7087.45,-2444.00
-7271.90,-7121.53,-2476.90
-7265.56,-7155.91,-2509.86
-7258.50,-7190.59,-2542.87
-7250.70,-7225.55,-2575.92
-7242.16,-7260.79,-2609.01
-7232.86,-7296.30,-2642.11
-7222.81,-7332.07,-2675.23
-7211.98,-7368.10,-2708.35
-7200.38,-7404.38,-2741.46
-7187.99,-7440.89,-2774.55
-7174.81,-7477.64,-2807.61
-7160.83,-7514.60,-2840.62
-7146.04,-7551.78,-2873.57
-7130.44,-7589.16,-2906.46
-7114.03,-7626.74,-2939.27
-7096.79,-7664.50,-2971.98
-7078.72,-7702.43,-3004.59
-7059.82,-7740.53,-3037.08
-7040.08,-7778.78,-3069.44
-7019.49,-7817.17,-3101.66
-6998.07,-7855.70,-3133.72
-6975.79,-7894.34,-3165.61
-6952.65,-7933.10,-3197.32
-6928.67,-7971.96,-3228.84
-6903.82,-8010.90,-3260.14
-6878.12,-8049.92,-3291.23
-6851.55,-8089.00,-3322.08
-6824.12,-8128.14,-3352.67
-6795.83,-8167.32,-3383.01
-6766.68,-8206.52,-3413.07
-6736.66,-8245.75,-3442.85
-6705.78,-8284.97,-3472.31
-6674.05,-8324.19,-3501.47
-6641.45,-8363.38,-3530.29
-6608.00,-8402.54,-3558.77
-6573.69,-8441.65,-3586.89
-6538.53,-8480.71,-3614.64
-6502.52,-8519.69,-3642.01
-6465.68,-8558.58,-3668.98
-6427.99,-8597.37,-3695.54
-6389.47,-8636.05,-3721.67
-6350.11,-8674.61,-3747.38
-6309.94,-8713.02,-3772.63
-6268.95,-8751.28,-3797.42
-6227.15,-8789.38,-3821.73
-6184.55,-8827.30,-3845.56
-6141.15,-8865.02,-3868.89
-6096.97,-8902.53,-3891.71
-6052.01,-8939.83,-3914.01
-6006.28,-8976.89,-3935.77
-5959.79,-9013.71,-3956.99
-5912.55,-9050.26,-3977.65
-5864.58,-9086.54,-3997.74
-5815.87,-9122.54,-4017.25
-5766.45,-9158.23,-4036.17
-5716.32,-9193.62,-4054.49
-5665.50,-9228.67,-4072.20
-5614.01,-9263.39,-4089.30
-5561.84,-9297.75,-4105.76
-5509.02,-9331.75,-4121.59
-5455.56,-9365.37,-4136.76
-5401.48,-9398.60,-4151.29
-5346.78,-9431.43,-4165.15
-5291.49,-9463.85,-4178.34
-5235.62,-9495.84,-4190.84
-5179.19,-9527.38,-4202.67
-5122.20,-9558.48,-4213.80
-5064.68,-9589.12,-4224.23
-5006.65,-9619.28,-4233.95
-4948.12,-9648.96,-4242.96
-4889.10,-9678.14,-4251.26
-4829.63,-9706.81,-4258.84
-4769.71,-9734.97,-4265.69
-4709.36,-9762.60,-4271.81
-4648.60,-9789.69,-4277.19
-4587.45,-9816.24,-4281.84
-4525.93,-9842.22,-4285.75
-4464.06,-9867.64,-4288.91
-4401.85,-9892.49,-4291.33
-4339.33,-9916.74,-4293.01
-4276.52,-9940.41,-4293.93
-4213.44,-9963.47,-4294.11
-4150.10,-9985.93,-4293.54
-4086.53,-10007.8,-4292.22
-4022.75,-10029.0,-4290.16
-3958.77,-10049.6,-4287.34
-3894.63,-10069.5,-4283.78
-3830.33,-10088.8,-4279.48
-3765.91,-10107.4,-4274.43
-3701.37,-10125.4,-4268.64
-3636.75,-10142.7,-4262.12
-3572.06,-10159.4,-4254.87
-3507.33,-10175.4,-4246.88
-3442.57,-10190.7,-4238.17
-3377.81,-10205.3,-4228.75
-3313.06,-10219.3,-4218.60
-3248.35,-10232.5,-4207.75
-3183.71,-10245.1,-4196.20
-3119.14,-10257.0,-4183.95
-3054.67,-10268.1,-4171.01
-2990.32,-10278.6,-4157.39
-2926.12,-10288.4,-4143.09
-2862.07,-10297.5,-4128.13
-2798.21,-10305.9,-4112.51
-2734.55,-10313.6,-4096.24
-2671.11,-10320.5,-4079.33
-2607.92,-10326.8,-4061.79
-2544.98,-10332.4,-4043.62
-2482.33,-10337.3,-4024.85
-2419.97,-10341.5,-4005.47
-2357.93,-10345.0,-3985.50
-2296.23,-10347.8,-3964.96
-2234.88,-10349.9,-3943.85
-2173.90,-10351.4,-3922.18
-2113.31,-10352.1,-3899.96
-2053.13,-10352.2,-3877.22
-1993.37,-10351.6,-3853.95
-1934.05,-10350.4,-3830.18
-1875.19,-10348.5,-3805.91
-1816.80,-10345.9,-3781.16
-1758.90,-10342.7,-3755.94
-1701.50,-10338.8,-3730.27
-1644.61,-10334.3,-3704.15
-1588.26,-10329.1,-3677.61
-1532.45,-10323.4,-3650.65
-1477.19,-10317.0,-3623.29
-1422.51,-10310.0,-3595.55
-1368.41,-10302.4,-3567.43
-1314.91,-10294.3,-3538.96
-1262.01,-10285.5,-3510.14
-1209.73,-10276.2,-3480.99
-1158.08,-10266.3,-3451.52
-1107.06,-10255.8,-3421.76
-1056.69,-10244.8,-3391.71
-1006.98,-10233.3,-3361.38
-957.933,-10221.2,-3330.80
-909.557,-10208.6,-3299.97
-861.863,-10195.5,-3268.92
-814.855,-10182.0,-3237.65
-768.541,-10167.9,-3206.17
-722.927,-10153.4,-3174.51
-678.019,-10138.4,-3142.67
-633.820,-10123.0,-3110.68
-590.337,-10107.1,-3078.54
-547.573,-10090.8,-3046.26
-505.531,-10074.1,-3013.86
-464.215,-10057.0,-2981.36
-423.627,-10039.5,-2948.76
-383.770,-10021.6,-2916.08
-344.645,-10003.3,-2883.34
-306.253,-9984.74,-2850.53
-268.595,-9965.80,-2817.68
-231.671,-9946.53,-2784.80
-195.481,-9926.94,-2751.89
-160.025,-9907.05,-2718.98
-125.302,-9886.87,-2686.07
-91.3100,-9866.41,-2653.16
-58.0474,-9845.68,-2620.29
-25.5119,-9824.69,-2587.44
6.29887,-9803.46,-2554.64
37.3880,-9781.99,-2521.89
67.7586,-9760.31,-2489.20
97.4146,-9738.42,-2456.58
126.360,-9716.33,-2424.04
154.598,-9694.05,-2391.59
182.135,-9671.60,-2359.24
208.975,-9648.99,-2326.99
235.124,-9626.22,-2294.85
260.586,-9603.32,-2262.84
285.368,-9580.28,-2230.95
309.475,-9557.13,-2199.19
332.914,-9533.86,-2167.58
355.692,-9510.50,-2136.11
377.815,-9487.05,-2104.79
399.289,-9463.52,-2073.63
420.123,-9439.92,-2042.64
440.323,-9416.27,-2011.81
459.897,-9392.56,-1981.16
478.852,-9368.82,-1950.68
497.196,-9345.04,-1920.39
514.937,-9321.24,-1890.28
532.084,-9297.43,-1860.36
548.643,-9273.62,-1830.63
564.624,-9249.80,-1801.10
580.035,-9226.00,-1771.77
594.884,-9202.22,-1742.64
609.179,-9178.46,-1713.72
622.929,-9154.74,-1685.00
636.143,-9131.06,-1656.49
648.830,-9107.43,-1628.19
660.997,-9083.85,-1600.10
672.654,-9060.33,-1572.23
683.810,-9036.88,-1544.57
694.472,-9013.51,-1517.12
704.651,-8990.21,-1489.89
714.354,-8967.01,-1462.88
723.590,-8943.89,-1436.08
732.369,-8920.87,-1409.50
740.698,-8897.95,-1383.14
748.586,-8875.14,-1356.99
756.043,-8852.44,-1331.06
763.076,-8829.85,-1305.35
769.694,-8807.39,-1279.85
775.905,-8785.05,-1254.57
781.719,-8762.84,-1229.50
787.143,-8740.76,-1204.64
792.186,-8718.82,-1180.00
796.856,-8697.02,-1155.57
801.161,-8675.36,-1131.34
805.109,-8653.85,-1107.33
808.708,-8632.48,-1083.52
811.967,-8611.27,-1059.91
814.893,-8590.22,-1036.51
817.493,-8569.32,-1013.31
819.777,-8548.58,-990.309
821.750,-8528.00,-967.505
823.421,-8507.58,-944.896
824.798,-8487.34,-922.481
825.887,-8467.26,-900.257
826.696,-8447.34,-878.222
827.231,-8427.60,-856.373
827.501,-8408.04,-834.709
827.512,-8388.64,-813.227
827.271,-8369.42,-791.925
826.784,-8350.38,-770.799
826.059,-8331.52,-749.849
825.102,-8312.83,-729.070
823.919,-8294.32,-708.462
822.517,-8275.99,-688.020
820.902,-8257.84,-667.743
819.081,-8239.87,-647.628
817.059,-8222.08,-627.672
814.842,-8204.47,-607.873
812.437,-8187.05,-588.228
809.849,-8169.80,-568.735
807.084,-8152.74,-549.390
804.147,-8135.86,-530.192
801.045,-8119.16,-511.137
797.783,-8102.64,-492.223
794.365,-8086.30,-473.447
790.797,-8070.14,-454.807
787.085,-8054.17,-436.299
783.234,-8038.37,-417.922
779.248,-8022.75,-399.673
775.132,-8007.31,-381.549
770.892,-7992.05,-363.547
766.532,-7976.97,-345.665
762.056,-7962.07,-327.900
757.470,-7947.34,-310.250
752.778,-7932.78,-292.713
747.984,-7918.40,-275.285
743.092,-7904.20,-257.964
738.108,-7890.16,-240.748
733.035,-7876.30,-223.635
727.877,-7862.61,-206.621
722.638,-7849.09,-189.705
717.323,-7835.73,-172.885
711.935,-7822.55,-156.156
706.479,-7809.53,-139.519
700.957,-7796.68,-122.970
695.374,-7783.99,-106.506
689.734,-7771.46,-90.1265
684.039,-7759.09,-73.8283
678.294,-7746.89,-57.6094
672.501,-7734.84,-41.4677
666.666,-7722.95,-25.4011
660.789,-7711.22,-9.40755
654.876,-7699.64,6.51509
648.930,-7688.21,22.3688
642.952,-7676.94,38.1556
636.948,-7665.82,53.8773
630.919,-7654.85,69.5360
624.868,-7644.02,85.1334
618.800,-7633.34,100.672
612.716,-7622.81,116.152
606.620,-7612.42,131.577
600.514,-7602.17,146.948
594.401,-7592.06,162.266
588.284,-7582.09,177.534
582.166,-7572.25,192.753
576.048,-7562.56,207.925
569.935,-7552.99,223.050
563.828,-7543.56,238.132
557.730,-7534.26,253.170
551.644,-7525.09,268.168
545.571,-7516.05,283.125
539.515,-7507.13,298.044
533.477,-7498.34,312.926
527.461,-7489.67,327.772
521.467,-7481.12,342.584
515.499,-7472.69,357.362
509.559,-7464.38,372.109
503.649,-7456.18,386.824
497.771,-7448.10,401.510
491.927,-7440.14,416.167
486.120,-7432.28,430.797
480.351,-7424.54,445.400
474.622,-7416.90,459.977
468.936,-7409.37,474.530
463.294,-7401.94,489.060
457.698,-7394.62,503.566
452.150,-7387.40,518.051
446.653,-7380.28,532.515
441.207,-7373.26,546.958
435.815,-7366.33,561.382
430.478,-7359.50,575.788
425.199,-7352.76,590.175
419.979,-7346.12,604.544
414.819,-7339.56,618.897
409.722,-7333.10,633.234
404.689,-7326.72,647.554
399.721,-7320.42,661.860
394.820,-7314.21,676.151
389.989,-7308.08,690.427
385.227,-7302.03,704.690
380.538,-7296.06,718.939
375.922,-7290.17,733.175
371.380,-7284.35,747.398
366.915,-7278.61,761.608
362.527,-7272.94,775.806
358.219,-7267.34,789.992
353.991,-7261.81,804.166
349.844,-7256.34,818.328
345.781,-7250.94,832.478
341.802,-7245.61,846.616
337.908,-7240.34,860.742
334.102,-7235.13,874.857
330.383,-7229.97,888.960
326.754,-7224.88,903.052
323.215,-7219.84,917.131
319.768,-7214.86,931.199
316.414,-7209.93,945.254
313.153,-7205.05,959.297
309.987,-7200.23,973.327
306.917,-7195.45,987.345
303.944,-7190.72,1001.35
301.069,-7186.03,1015.34
298.292,-7181.39,1029.32
295.616,-7176.79,1043.28
293.040,-7172.23,1057.23
290.566,-7167.71,1071.16
288.194,-7163.22,1085.08
285.926,-7158.78,1098.98
283.762,-7154.37,1112.87
281.702,-7149.99,1126.74
279.749,-7145.64,1140.59
277.901,-7141.33,1154.42
276.161,-7137.04,1168.24
274.529,-7132.78,1182.03
273.005,-7128.55,1195.81
271.591,-7124.34,1209.56
270.286,-7120.16,1223.29
269.091,-7116.00,1237.00
268.007,-7111.86,1250.69
267.034,-7107.74,1264.35
266.173,-7103.63,1277.99
265.425,-7099.54,1291.61
264.789,-7095.47,1305.19
264.266,-7091.41,1318.75
263.857,-7087.37,1332.28
263.562,-7083.33,1345.78
263.381,-7079.31,1359.25
263.314,-7075.29,1372.70
263.362,-7071.28,1386.10
263.525,-7067.28,1399.48
263.803,-7063.28,1412.82
264.197,-7059.28,1426.12
264.706,-7055.29,1439.39
265.330,-7051.30,1452.62
266.071,-7047.31,1465.82
266.927,-7043.32,1478.97
267.898,-7039.32,1492.08
268.986,-7035.32,1505.15
270.189,-7031.32,1518.18
271.508,-7027.31,1531.16
272.942,-7023.29,1544.10
274.492,-7019.27,1556.98
276.157,-7015.23,1569.83
277.937,-7011.19,1582.62
279.832,-7007.13,1595.36
281.842,-7003.07,1608.05
283.966,-6998.99,1620.68
286.204,-6994.89,1633.27
288.555,-6990.78,1645.79
291.020,-6986.65,1658.26
293.598,-6982.51,1670.67
296.288,-6978.35,1683.02
299.090,-6974.17,1695.31
302.004,-6969.96,1707.53
305.028,-6965.74,1719.70
308.163,-6961.50,1731.79
311.408,-6957.23,1743.83
314.761,-6952.94,1755.79
318.224,-6948.63,1767.68
321.794,-6944.29,1779.51
325.471,-6939.92,1791.26
329.255,-6935.53,1802.93
333.144,-6931.11,1814.54
337.138,-6926.66,1826.06
341.235,-6922.19,1837.51
345.436,-6917.68,1848.88
349.739,-6913.14,1860.18
354.144,-6908.58,1871.38
358.648,-6903.98,1882.51
363.252,-6899.35,1893.55
367.954,-6894.69,1904.51
372.754,-6889.99,1915.38
377.649,-6885.26,1926.16
382.640,-6880.50,1936.85
387.725,-6875.70,1947.45
392.902,-6870.87,1957.96
398.171,-6866.00,1968.38
403.530,-6861.10,1978.70
408.979,-6856.16,1988.92
414.515,-6851.18,1999.05
420.139,-6846.16,2009.08
425.847,-6841.11,2019.01
431.639,-6836.02,2028.84
437.514,-6830.89,2038.56
443.471,-6825.72,2048.18
449.507,-6820.51,2057.70
455.621,-6815.27,2067.11
461.812,-6809.98,2076.42
468.079,-6804.66,2085.62
474.420,-6799.29,2094.71
480.833,-6793.89,2103.68
487.317,-6788.44,2112.55
493.870,-6782.96,2121.31
500.491,-6777.43,2129.95
507.179,-6771.86,2138.47
513.930,-6766.26,2146.89
520.745,-6760.61,2155.18
527.620,-6754.92,2163.36
534.555,-6749.19,2171.42
541.548,-6743.42,2179.36
548.597,-6737.61,2187.18
555.700,-6731.76,2194.88
562.856,-6725.87,2202.46
570.063,-6719.94,2209.91
577.318,-6713.96,2217.25
584.621,-6707.95,2224.45
591.970,-6701.90,2231.54
599.362,-6695.80,2238.50
606.796,-6689.67,2245.33
614.270,-6683.50,2252.03
621.781,-6677.28,2258.61
629.330,-6671.03,2265.06
636.912,-6664.74,2271.38
644.527,-6658.41,2277.57
652.173,-6652.04,2283.64
659.847,-6645.64,2289.57
667.548,-6639.19,2295.37
675.274,-6632.71,2301.04
683.023,-6626.19,2306.58
690.793,-6619.64,2311.99
698.583,-6613.04,2317.26
706.389,-6606.41,2322.40
714.211,-6599.75,2327.41
722.046,-6593.05,2332.29
729.892,-6586.32,2337.04
737.748,-6579.55,2341.65
745.611,-6572.74,2346.12
753.480,-6565.91,2350.47
761.353,-6559.04,2354.68
769.227,-6552.14,2358.75
777.101,-6545.20,2362.70
784.973,-6538.24,2366.51
792.841,-6531.24,2370.18
800.702,-6524.21,2373.72
808.556,-6517.16,2377.13
816.400,-6510.07,2380.40
824.232,-6502.96,2383.55
832.050,-6495.82,2386.55
839.853,-6488.65,2389.43
847.639,-6481.45,2392.17
855.405,-6474.23,2394.78
863.150,-6466.98,2397.26
870.871,-6459.71,2399.61
878.568,-6452.41,2401.83
886.238,-6445.09,2403.91
893.880,-6437.75,2405.87
901.491,-6430.39,2407.69
909.070,-6423.00,2409.39
916.614,-6415.59,2410.95
924.123,-6408.17,2412.39
931.595,-6400.72,2413.70
939.027,-6393.26,2414.89
946.418,-6385.78,2415.95
953.767,-6378.28,2416.88
961.071,-6370.76,2417.68
968.328,-6363.23,2418.37
975.538,-6355.69,2418.93
982.699,-6348.13,2419.36
989.808,-6340.56,2419.68
996.865,-6332.98,2419.87
1003.87,-6325.38,2419.94
1010.81,-6317.78,2419.90
1017.70,-6310.16,2419.73
1024.53,-6302.53,2419.45
1031.30,-6294.90,2419.05
1038.01,-6287.26,2418.54
1044.65,-6279.61,2417.91
1051.23,-6271.96,2417.17
1057.75,-6264.30,2416.32
1064.19,-6256.64,2415.35
1070.57,-6248.97,2414.28
1076.87,-6241.31,2413.10
1083.11,-6233.63,2411.80
1089.27,-6225.96,2410.41
1095.36,-6218.29,2408.90
1101.37,-6210.62,2407.30
1107.30,-6202.95,2405.59
1113.16,-6195.29,2403.78
1118.93,-6187.62,2401.86
1124.63,-6179.96,2399.85
1130.24,-6172.31,2397.74
1135.78,-6164.66,2395.54
1141.23,-6157.02,2393.24
1146.59,-6149.38,2390.85
1151.87,-6141.75,2388.36
1157.06,-6134.13,2385.78
1162.16,-6126.52,2383.12
1167.18,-6118.93,2380.36
1172.10,-6111.34,2377.52
1176.94,-6103.76,2374.60
1181.68,-6096.20,2371.59
1186.33,-6088.65,2368.50
1190.89,-6081.12,2365.33
1195.35,-6073.60,2362.07
1199.72,-6066.10,2358.75
1204.00,-6058.61,2355.34
1208.18,-6051.14,2351.86
1212.26,-6043.69,2348.31
1216.25,-6036.26,2344.69
1220.13,-6028.84,2340.99
1223.92,-6021.45,2337.23
1227.61,-6014.08,2333.40
1231.20,-6006.73,2329.51
1234.69,-5999.41,2325.55
1238.08,-5992.10,2321.53
1241.37,-5984.83,2317.45
1244.56,-5977.57,2313.32
1247.65,-5970.34,2309.12
1250.63,-5963.14,2304.87
1253.51,-5955.96,2300.57
1256.29,-5948.82,2296.21
1258.97,-5941.70,2291.80
1261.55,-5934.60,2287.35
1264.02,-5927.54,2282.84
1266.38,-5920.51,2278.29
1268.65,-5913.51,2273.70
1270.80,-5906.54,2269.06
1272.86,-5899.60,2264.39
1274.81,-5892.69,2259.67
1276.66,-5885.82,2254.92
1278.40,-5878.98,2250.13
1280.04,-5872.18,2245.31
1281.58,-5865.41,2240.45
1283.01,-5858.67,2235.56
1284.33,-5851.97,2230.64
